<?xml version="1.0" encoding="UTF-8"?>
<configuration>
  <include resource="org/springframework/boot/logging/logback/defaults.xml"/>
  <include resource="org/springframework/boot/logging/logback/console-appender.xml"/>

  <springProperty scope="local" name="APP_NAME" source="spring.application.name" defaultValue="spring"/>
  <property name="LOGGING_FILE" value="${LOG_FILE:-${LOG_PATH:-${LOG_TEMP:-${java.io.tmpdir:-/tmp}}}/${APP_NAME}.log}"/>

    <appender name="RollingFile"
              class="ch.qos.logback.core.rolling.RollingFileAppender">
        <file>${LOGGING_FILE}</file>
        <encoder
            class="ch.qos.logback.classic.encoder.PatternLayoutEncoder">
            <Pattern>%d %p %C{1.} [%t] %m%n</Pattern>
        </encoder>

        <rollingPolicy
            class="ch.qos.logback.core.rolling.TimeBasedRollingPolicy">
            <!-- rollover daily and when the file reaches 10 MegaBytes -->
            <fileNamePattern>${LOGGING_FILE}-%i-%d{yyyy-MM-dd}</fileNamePattern>
            <timeBasedFileNamingAndTriggeringPolicy
                class="ch.qos.logback.core.rolling.SizeAndTimeBasedFNATP">
                <maxFileSize>10MB</maxFileSize>
            </timeBasedFileNamingAndTriggeringPolicy>
        </rollingPolicy>
    </appender>

    <springProfile name="!travis">
        <root level="info">
            <appender-ref ref="RollingFile" />
            <appender-ref ref="CONSOLE" />
        </root>
    </springProfile>

    <springProfile name="travis">
        <root level="off">
            <appender-ref ref="RollingFile" />
            <appender-ref ref="CONSOLE" />
        </root>
    </springProfile>

</configuration>
