[{"_id":{"$oid":"58824e987dd9431100f603a8"},"labelQuantity":"Unit","quantity":1,"ingredientId":{"$oid":"58824e987dd9431100f603a7"},"recipeId":{"$oid":"58824aef7dd9431100f603a5"},"name":"Chicken in the oven","checkedInCartShopping":true,"itemSelectedForShopping":false,"__v":0,"isRecipeLinkedToCategory":true},{"_id":{"$oid":"5882551e7dd9431100f603ac"},"labelQuantity":"Kilograms","quantity":500,"ingredientId":{"$oid":"5882551e7dd9431100f603ab"},"recipeId":{"$oid":"588254d07dd9431100f603a9"},"name":"Fish pocket","checkedInCartShopping":true,"itemSelectedForShopping":false,"__v":0,"isRecipeLinkedToCategory":true},{"_id":{"$oid":"588256d27dd9431100f603b0"},"labelQuantity":"Unit","quantity":1,"ingredientId":{"$oid":"588256d27dd9431100f603af"},"recipeId":{"$oid":"5882566d7dd9431100f603ad"},"name":"Gnocchi","checkedInCartShopping":true,"itemSelectedForShopping":false,"__v":0,"isRecipeLinkedToCategory":true},{"_id":{"$oid":"58825a487dd9431100f603b3"},"labelQuantity":"Kilograms","quantity":500,"ingredientId":{"$oid":"58825a487dd9431100f603b2"},"recipeId":{"$oid":"5882480f7dd9431100f603a4"},"name":"Brazilian's beans","checkedInCartShopping":true,"itemSelectedForShopping":true,"__v":0,"isRecipeLinkedToCategory":true},{"_id":{"$oid":"58825a4f7dd9431100f603b4"},"recipeId":{"$oid":"5882480f7dd9431100f603a4"},"ingredientId":{"$oid":"5882551e7dd9431100f603ab"},"name":"Brazilian's beans","checkedInCartShopping":true,"itemSelectedForShopping":true,"__v":0,"isRecipeLinkedToCategory":false},{"_id":{"$oid":"58828dc1e096511100fa0d52"},"recipeId":{"$oid":"58828da8e096511100fa0d51"},"ingredientId":{"$oid":"58824e987dd9431100f603a7"},"name":"Strognoff","checkedInCartShopping":true,"itemSelectedForShopping":false,"__v":0,"isRecipeLinkedToCategory":true},{"_id":{"$oid":"58828e81e096511100fa0d54"},"labelQuantity":"Kilograms","quantity":200,"ingredientId":{"$oid":"58828e81e096511100fa0d53"},"recipeId":{"$oid":"58828da8e096511100fa0d51"},"name":"Strognoff","checkedInCartShopping":true,"itemSelectedForShopping":false,"__v":0,"isRecipeLinkedToCategory":true},{"_id":{"$oid":"58828e8ee096511100fa0d55"},"recipeId":{"$oid":"58828da8e096511100fa0d51"},"ingredientId":{"$oid":"58825a487dd9431100f603b2"},"name":"Strognoff","checkedInCartShopping":true,"itemSelectedForShopping":false,"__v":0,"isRecipeLinkedToCategory":true},{"_id":{"$oid":"58828ec3e096511100fa0d58"},"labelQuantity":"Unit","quantity":1,"ingredientId":{"$oid":"58828ec3e096511100fa0d57"},"recipeId":{"$oid":"58828da8e096511100fa0d51"},"name":"Strognoff","checkedInCartShopping":true,"itemSelectedForShopping":false,"__v":0,"isRecipeLinkedToCategory":true},{"_id":{"$oid":"5882aee571d4451100314f72"},"labelQuantity":"Kilograms","quantity":200,"ingredientId":{"$oid":"58828ec3e096511100fa0d57"},"recipeId":{"$oid":"58824aef7dd9431100f603a5"},"checkedInCartShopping":true,"itemSelectedForShopping":false,"__v":0,"isRecipeLinkedToCategory":true},{"_id":{"$oid":"5882af0371d4451100314f73"},"labelQuantity":"Kilograms","quantity":300,"ingredientId":{"$oid":"58828e81e096511100fa0d53"},"recipeId":{"$oid":"58824aef7dd9431100f603a5"},"checkedInCartShopping":true,"itemSelectedForShopping":false,"__v":0,"isRecipeLinkedToCategory":true},{"_id":{"$oid":"5882b2a571d4451100314f75"},"labelQuantity":"Unit","quantity":1,"ingredientId":{"$oid":"5882b2a571d4451100314f74"},"recipeId":{"$oid":"5882480f7dd9431100f603a4"},"name":"Brazilian's beans","checkedInCartShopping":true,"itemSelectedForShopping":true,"__v":0,"isRecipeLinkedToCategory":true},{"_id":{"$oid":"5884a87d7d5384110034e02d"},"recipeId":{"$oid":"5884a86f7d5384110034e02c"},"ingredientId":{"$oid":"58828e81e096511100fa0d53"},"name":"Risotto","checkedInCartShopping":true,"itemSelectedForShopping":false,"__v":0,"isRecipeLinkedToCategory":true},{"_id":{"$oid":"5884a8be7d5384110034e02f"},"labelQuantity":"Unit","quantity":1,"ingredientId":{"$oid":"5884a8be7d5384110034e02e"},"recipeId":{"$oid":"5884a86f7d5384110034e02c"},"name":"Risotto","checkedInCartShopping":true,"itemSelectedForShopping":false,"__v":0,"isRecipeLinkedToCategory":true},{"_id":{"$oid":"5884a8ec7d5384110034e030"},"recipeId":{"$oid":"5884a86f7d5384110034e02c"},"ingredientId":{"$oid":"58825a487dd9431100f603b2"},"name":"Risotto","checkedInCartShopping":true,"itemSelectedForShopping":false,"__v":0,"isRecipeLinkedToCategory":true},{"_id":{"$oid":"5884a9017d5384110034e032"},"labelQuantity":"Unit","quantity":1,"ingredientId":{"$oid":"5884a9017d5384110034e031"},"recipeId":{"$oid":"5884a86f7d5384110034e02c"},"name":"Risotto","checkedInCartShopping":true,"itemSelectedForShopping":false,"__v":0,"isRecipeLinkedToCategory":true},{"_id":{"$oid":"5884a9277d5384110034e034"},"labelQuantity":"Unit","quantity":1,"ingredientId":{"$oid":"5884a9277d5384110034e033"},"recipeId":{"$oid":"5884a86f7d5384110034e02c"},"name":"Risotto","checkedInCartShopping":true,"itemSelectedForShopping":false,"__v":0,"isRecipeLinkedToCategory":true},{"_id":{"$oid":"5884a9697d5384110034e036"},"labelQuantity":"Unit","quantity":1,"ingredientId":{"$oid":"5884a9697d5384110034e035"},"recipeId":{"$oid":"5884a86f7d5384110034e02c"},"name":"Risotto","checkedInCartShopping":true,"itemSelectedForShopping":false,"__v":0,"isRecipeLinkedToCategory":true},{"_id":{"$oid":"5884a9c37d5384110034e039"},"labelQuantity":"Unit","quantity":1,"ingredientId":{"$oid":"5884a9c37d5384110034e038"},"recipeId":{"$oid":"5884a86f7d5384110034e02c"},"name":"Risotto","checkedInCartShopping":true,"itemSelectedForShopping":false,"__v":0,"isRecipeLinkedToCategory":true},{"_id":{"$oid":"5884a9f97d5384110034e03c"},"labelQuantity":"Unit","quantity":1,"ingredientId":{"$oid":"5884a9f97d5384110034e03b"},"recipeId":{"$oid":"5884a86f7d5384110034e02c"},"name":"Risotto","checkedInCartShopping":true,"itemSelectedForShopping":false,"__v":0,"isRecipeLinkedToCategory":true},{"_id":{"$oid":"5884aa197d5384110034e03e"},"labelQuantity":"Unit","quantity":1,"ingredientId":{"$oid":"5884aa197d5384110034e03d"},"recipeId":{"$oid":"5884a86f7d5384110034e02c"},"name":"Risotto","checkedInCartShopping":true,"itemSelectedForShopping":false,"__v":0,"isRecipeLinkedToCategory":true},{"_id":{"$oid":"5884aa837d5384110034e040"},"recipeId":{"$oid":"5884aa7b7d5384110034e03f"},"ingredientId":{"$oid":"58824e987dd9431100f603a7"},"name":"Quesadilla","checkedInCartShopping":true,"itemSelectedForShopping":false,"__v":0,"isRecipeLinkedToCategory":false},{"_id":{"$oid":"5884aa9c7d5384110034e042"},"labelQuantity":"Unit","quantity":2,"ingredientId":{"$oid":"5884aa9c7d5384110034e041"},"recipeId":{"$oid":"5884aa7b7d5384110034e03f"},"name":"Quesadilla","checkedInCartShopping":true,"itemSelectedForShopping":false,"__v":0,"isRecipeLinkedToCategory":true},{"_id":{"$oid":"5884aac37d5384110034e044"},"labelQuantity":"Unit","quantity":1,"ingredientId":{"$oid":"5884aac37d5384110034e043"},"recipeId":{"$oid":"5884aa7b7d5384110034e03f"},"name":"Quesadilla","checkedInCartShopping":true,"itemSelectedForShopping":false,"__v":0,"isRecipeLinkedToCategory":true},{"_id":{"$oid":"5884aafd7d5384110034e046"},"labelQuantity":"Unit","quantity":2,"ingredientId":{"$oid":"5884aafd7d5384110034e045"},"recipeId":{"$oid":"5884aa7b7d5384110034e03f"},"name":"Quesadilla","checkedInCartShopping":true,"itemSelectedForShopping":false,"__v":0,"isRecipeLinkedToCategory":true},{"_id":{"$oid":"5884ab107d5384110034e047"},"recipeId":{"$oid":"5884aa7b7d5384110034e03f"},"ingredientId":{"$oid":"58825a487dd9431100f603b2"},"name":"Quesadilla","checkedInCartShopping":true,"itemSelectedForShopping":false,"__v":0,"isRecipeLinkedToCategory":true},{"_id":{"$oid":"5884ab497d5384110034e04a"},"labelQuantity":"Unit","quantity":6,"ingredientId":{"$oid":"5884ab497d5384110034e049"},"recipeId":{"$oid":"5884aa7b7d5384110034e03f"},"name":"Quesadilla","checkedInCartShopping":true,"itemSelectedForShopping":false,"__v":0,"isRecipeLinkedToCategory":true},{"_id":{"$oid":"5884abca7d5384110034e04d"},"labelQuantity":"Kilograms","quantity":0,"ingredientId":{"$oid":"5884abca7d5384110034e04c"},"recipeId":{"$oid":"5884ab927d5384110034e04b"},"name":"Pork\u0026spring veg stew","checkedInCartShopping":true,"itemSelectedForShopping":false,"__v":0,"isRecipeLinkedToCategory":false},{"_id":{"$oid":"5884abf27d5384110034e04f"},"labelQuantity":"Unit","quantity":1,"ingredientId":{"$oid":"5884abf27d5384110034e04e"},"recipeId":{"$oid":"5884ab927d5384110034e04b"},"name":"Pork\u0026spring veg stew","checkedInCartShopping":true,"itemSelectedForShopping":false,"__v":0,"isRecipeLinkedToCategory":true},{"_id":{"$oid":"5884ac0e7d5384110034e051"},"labelQuantity":"Unit","quantity":3,"ingredientId":{"$oid":"5884ac0e7d5384110034e050"},"recipeId":{"$oid":"5884ab927d5384110034e04b"},"name":"Pork\u0026spring veg stew","checkedInCartShopping":true,"itemSelectedForShopping":false,"__v":0,"isRecipeLinkedToCategory":true},{"_id":{"$oid":"5884ac347d5384110034e054"},"labelQuantity":"Unit","quantity":4,"ingredientId":{"$oid":"5884ac347d5384110034e053"},"recipeId":{"$oid":"5884ab927d5384110034e04b"},"name":"Pork\u0026spring veg stew","checkedInCartShopping":true,"itemSelectedForShopping":false,"__v":0,"isRecipeLinkedToCategory":true},{"_id":{"$oid":"5884ac507d5384110034e056"},"labelQuantity":"Unit","quantity":9,"ingredientId":{"$oid":"5884ac507d5384110034e055"},"recipeId":{"$oid":"5884ab927d5384110034e04b"},"name":"Pork\u0026spring veg stew","checkedInCartShopping":true,"itemSelectedForShopping":false,"__v":0,"isRecipeLinkedToCategory":true},{"_id":{"$oid":"5884ac6e7d5384110034e058"},"labelQuantity":"Unit","quantity":2,"ingredientId":{"$oid":"5884ac6e7d5384110034e057"},"recipeId":{"$oid":"5884ab927d5384110034e04b"},"name":"Pork\u0026spring veg stew","checkedInCartShopping":true,"itemSelectedForShopping":false,"__v":0,"isRecipeLinkedToCategory":true},{"_id":{"$oid":"5884ac847d5384110034e05a"},"labelQuantity":"Unit","quantity":4,"ingredientId":{"$oid":"5884ac847d5384110034e059"},"recipeId":{"$oid":"5884ab927d5384110034e04b"},"name":"Pork\u0026spring veg stew","checkedInCartShopping":true,"itemSelectedForShopping":false,"__v":0,"isRecipeLinkedToCategory":true},{"_id":{"$oid":"5884ac8b7d5384110034e05b"},"recipeId":{"$oid":"5884ab927d5384110034e04b"},"ingredientId":{"$oid":"58825a487dd9431100f603b2"},"name":"Pork\u0026spring veg stew","checkedInCartShopping":true,"itemSelectedForShopping":false,"__v":0,"isRecipeLinkedToCategory":true},{"_id":{"$oid":"5884acab7d5384110034e05e"},"labelQuantity":"Unit","quantity":1,"ingredientId":{"$oid":"5884acab7d5384110034e05d"},"recipeId":{"$oid":"5884ab927d5384110034e04b"},"name":"Pork\u0026spring veg stew","checkedInCartShopping":true,"itemSelectedForShopping":false,"__v":0,"isRecipeLinkedToCategory":true},{"_id":{"$oid":"5884ceabd569ee110066b05e"},"labelQuantity":"Unit","quantity":2,"ingredientId":{"$oid":"5884ceabd569ee110066b05d"},"recipeId":{"$oid":"588494e34983d9110010fc81"},"name":"Random stuff","checkedInCartShopping":true,"itemSelectedForShopping":false,"__v":0,"isRecipeLinkedToCategory":true},{"_id":{"$oid":"5884cfffd569ee110066b060"},"labelQuantity":"Unit","quantity":4,"ingredientId":{"$oid":"5884cfffd569ee110066b05f"},"recipeId":{"$oid":"588494e34983d9110010fc81"},"name":"Random stuff","checkedInCartShopping":true,"itemSelectedForShopping":true,"__v":0,"isRecipeLinkedToCategory":true},{"_id":{"$oid":"5884d06cd569ee110066b063"},"labelQuantity":"Unit","quantity":2,"ingredientId":{"$oid":"5884d06cd569ee110066b062"},"recipeId":{"$oid":"588494e34983d9110010fc81"},"name":"Random stuff","checkedInCartShopping":true,"itemSelectedForShopping":false,"__v":0,"isRecipeLinkedToCategory":true},{"_id":{"$oid":"5884d0c0d569ee110066b065"},"labelQuantity":"Unit","quantity":1,"ingredientId":{"$oid":"5884d0c0d569ee110066b064"},"recipeId":{"$oid":"588494e34983d9110010fc81"},"name":"Random stuff","checkedInCartShopping":true,"itemSelectedForShopping":false,"__v":0,"isRecipeLinkedToCategory":true},{"_id":{"$oid":"5884d790d569ee110066b067"},"labelQuantity":"Kilograms","quantity":600,"ingredientId":{"$oid":"5884d790d569ee110066b066"},"recipeId":{"$oid":"588392be97dda011007e6f24"},"name":"Sheppard's pie","checkedInCartShopping":true,"itemSelectedForShopping":false,"__v":0,"isRecipeLinkedToCategory":true},{"_id":{"$oid":"5884d7c1d569ee110066b069"},"labelQuantity":"Kilograms","quantity":600,"ingredientId":{"$oid":"5884d7c1d569ee110066b068"},"recipeId":{"$oid":"588392be97dda011007e6f24"},"name":"Sheppard's pie","checkedInCartShopping":true,"itemSelectedForShopping":false,"__v":0,"isRecipeLinkedToCategory":true},{"_id":{"$oid":"5884d983d569ee110066b06b"},"recipeId":{"$oid":"5884d977d569ee110066b06a"},"ingredientId":{"$oid":"5884a9f97d5384110034e03b"},"name":"Pasta bake-pork","checkedInCartShopping":true,"itemSelectedForShopping":false,"__v":0,"isRecipeLinkedToCategory":true},{"_id":{"$oid":"5884d987d569ee110066b06c"},"recipeId":{"$oid":"5884d977d569ee110066b06a"},"ingredientId":{"$oid":"5884aa197d5384110034e03d"},"name":"Pasta bake-pork","checkedInCartShopping":true,"itemSelectedForShopping":false,"__v":0,"isRecipeLinkedToCategory":true},{"_id":{"$oid":"5884d98cd569ee110066b06d"},"recipeId":{"$oid":"5884d977d569ee110066b06a"},"ingredientId":{"$oid":"5884abf27d5384110034e04e"},"name":"Pasta bake-pork","checkedInCartShopping":true,"itemSelectedForShopping":false,"__v":0,"isRecipeLinkedToCategory":true},{"_id":{"$oid":"5884d9b1d569ee110066b06f"},"labelQuantity":"Unit","quantity":1,"ingredientId":{"$oid":"5884d9b1d569ee110066b06e"},"recipeId":{"$oid":"5884d977d569ee110066b06a"},"name":"Pasta bake-pork","checkedInCartShopping":true,"itemSelectedForShopping":false,"__v":0,"isRecipeLinkedToCategory":true},{"_id":{"$oid":"5884d9dfd569ee110066b072"},"labelQuantity":"Unit","quantity":1,"ingredientId":{"$oid":"5884d9dfd569ee110066b071"},"recipeId":{"$oid":"5884d977d569ee110066b06a"},"name":"Pasta bake-pork","checkedInCartShopping":true,"itemSelectedForShopping":false,"__v":0,"isRecipeLinkedToCategory":true},{"_id":{"$oid":"5884d9ffd569ee110066b075"},"labelQuantity":"Unit","quantity":1,"ingredientId":{"$oid":"5884d9ffd569ee110066b074"},"recipeId":{"$oid":"5884d977d569ee110066b06a"},"name":"Pasta bake-pork","checkedInCartShopping":true,"itemSelectedForShopping":false,"__v":0,"isRecipeLinkedToCategory":true},{"_id":{"$oid":"5884da22d569ee110066b077"},"labelQuantity":"Unit","quantity":1,"ingredientId":{"$oid":"5884da22d569ee110066b076"},"recipeId":{"$oid":"5884d977d569ee110066b06a"},"name":"Pasta bake-pork","checkedInCartShopping":true,"itemSelectedForShopping":false,"__v":0,"isRecipeLinkedToCategory":true},{"_id":{"$oid":"5884da9ed569ee110066b079"},"recipeId":{"$oid":"5884da7fd569ee110066b078"},"ingredientId":{"$oid":"5884aa9c7d5384110034e041"},"name":"Chicken roll in oven","checkedInCartShopping":true,"itemSelectedForShopping":false,"__v":0,"isRecipeLinkedToCategory":true},{"_id":{"$oid":"5884dad1d569ee110066b07b"},"labelQuantity":"Unit","quantity":1,"ingredientId":{"$oid":"5884dad1d569ee110066b07a"},"recipeId":{"$oid":"5884da7fd569ee110066b078"},"name":"Chicken roll in oven","checkedInCartShopping":true,"itemSelectedForShopping":false,"__v":0,"isRecipeLinkedToCategory":true},{"_id":{"$oid":"5884daf1d569ee110066b07e"},"labelQuantity":"Unit","quantity":1,"ingredientId":{"$oid":"5884daf1d569ee110066b07d"},"recipeId":{"$oid":"5884da7fd569ee110066b078"},"name":"Chicken roll in oven","checkedInCartShopping":true,"itemSelectedForShopping":false,"__v":0,"isRecipeLinkedToCategory":true},{"_id":{"$oid":"5884db0cd569ee110066b080"},"labelQuantity":"Unit","quantity":1,"ingredientId":{"$oid":"5884db0cd569ee110066b07f"},"recipeId":{"$oid":"5884da7fd569ee110066b078"},"name":"Chicken roll in oven","checkedInCartShopping":true,"itemSelectedForShopping":false,"__v":0,"isRecipeLinkedToCategory":true},{"_id":{"$oid":"5884db34d569ee110066b083"},"labelQuantity":"Unit","quantity":1,"ingredientId":{"$oid":"5884db34d569ee110066b082"},"recipeId":{"$oid":"5884da7fd569ee110066b078"},"name":"Chicken roll in oven","checkedInCartShopping":true,"itemSelectedForShopping":false,"__v":0,"isRecipeLinkedToCategory":true},{"_id":{"$oid":"5884db89d569ee110066b09d"},"recipeId":{"$oid":"588392be97dda011007e6f24"},"ingredientId":{"$oid":"5884a9f97d5384110034e03b"},"name":"Sheppard's pie","checkedInCartShopping":true,"itemSelectedForShopping":false,"__v":0,"isRecipeLinkedToCategory":true},{"_id":{"$oid":"5884db8ed569ee110066b09e"},"recipeId":{"$oid":"588392be97dda011007e6f24"},"ingredientId":{"$oid":"58825a487dd9431100f603b2"},"name":"Sheppard's pie","checkedInCartShopping":true,"itemSelectedForShopping":false,"__v":0,"isRecipeLinkedToCategory":true},{"_id":{"$oid":"5884db91d569ee110066b09f"},"recipeId":{"$oid":"588392be97dda011007e6f24"},"ingredientId":{"$oid":"5884ac847d5384110034e059"},"name":"Sheppard's pie","checkedInCartShopping":true,"itemSelectedForShopping":false,"__v":0,"isRecipeLinkedToCategory":true},{"_id":{"$oid":"5884db93d569ee110066b0a0"},"recipeId":{"$oid":"588392be97dda011007e6f24"},"ingredientId":{"$oid":"5884ac0e7d5384110034e050"},"name":"Sheppard's pie","checkedInCartShopping":true,"itemSelectedForShopping":false,"__v":0,"isRecipeLinkedToCategory":true},{"_id":{"$oid":"5884dba5d569ee110066b0a1"},"recipeId":{"$oid":"588392be97dda011007e6f24"},"ingredientId":{"$oid":"5884d9ffd569ee110066b074"},"name":"Sheppard's pie","checkedInCartShopping":true,"itemSelectedForShopping":false,"__v":0,"isRecipeLinkedToCategory":true},{"_id":{"$oid":"5884dc3dd569ee110066b0a4"},"labelQuantity":"Unit","quantity":1,"ingredientId":{"$oid":"5884dc3dd569ee110066b0a3"},"recipeId":{"$oid":"5884dc1cd569ee110066b0a2"},"name":"Irish breakfast","checkedInCartShopping":true,"itemSelectedForShopping":false,"__v":0,"isRecipeLinkedToCategory":true},{"_id":{"$oid":"5884dc50d569ee110066b0a6"},"labelQuantity":"Unit","quantity":3,"ingredientId":{"$oid":"5884dc50d569ee110066b0a5"},"recipeId":{"$oid":"5884dc1cd569ee110066b0a2"},"name":"Irish breakfast","checkedInCartShopping":true,"itemSelectedForShopping":false,"__v":0,"isRecipeLinkedToCategory":true},{"_id":{"$oid":"5884dc63d569ee110066b0a8"},"labelQuantity":"Unit","quantity":6,"ingredientId":{"$oid":"5884dc63d569ee110066b0a7"},"recipeId":{"$oid":"5884dc1cd569ee110066b0a2"},"name":"Irish breakfast","checkedInCartShopping":true,"itemSelectedForShopping":false,"__v":0,"isRecipeLinkedToCategory":true},{"_id":{"$oid":"5884dc76d569ee110066b0aa"},"labelQuantity":"Unit","quantity":2,"ingredientId":{"$oid":"5884dc76d569ee110066b0a9"},"recipeId":{"$oid":"5884dc1cd569ee110066b0a2"},"name":"Irish breakfast","checkedInCartShopping":true,"itemSelectedForShopping":false,"__v":0,"isRecipeLinkedToCategory":true},{"_id":{"$oid":"5884dc8ad569ee110066b0ac"},"labelQuantity":"Unit","quantity":3,"ingredientId":{"$oid":"5884dc8ad569ee110066b0ab"},"recipeId":{"$oid":"5884dc1cd569ee110066b0a2"},"name":"Irish breakfast","checkedInCartShopping":true,"itemSelectedForShopping":false,"__v":0,"isRecipeLinkedToCategory":true},{"_id":{"$oid":"5884dca2d569ee110066b0ae"},"labelQuantity":"Unit","quantity":1,"ingredientId":{"$oid":"5884dca2d569ee110066b0ad"},"recipeId":{"$oid":"5884dc1cd569ee110066b0a2"},"name":"Irish breakfast","checkedInCartShopping":true,"itemSelectedForShopping":false,"__v":0,"isRecipeLinkedToCategory":true},{"_id":{"$oid":"5884dce5d569ee110066b0b0"},"labelQuantity":"Unit","quantity":1,"ingredientId":{"$oid":"5884dce5d569ee110066b0af"},"recipeId":{"$oid":"5884dc1cd569ee110066b0a2"},"name":"Irish breakfast","checkedInCartShopping":true,"itemSelectedForShopping":false,"__v":0,"isRecipeLinkedToCategory":true},{"_id":{"$oid":"5884dcf4d569ee110066b0b1"},"recipeId":{"$oid":"5884dc1cd569ee110066b0a2"},"ingredientId":{"$oid":"58825a487dd9431100f603b2"},"name":"Irish breakfast","checkedInCartShopping":true,"itemSelectedForShopping":false,"__v":0,"isRecipeLinkedToCategory":true},{"_id":{"$oid":"5884dd5fd569ee110066b0b4"},"recipeId":{"$oid":"5884dd45d569ee110066b0b2"},"ingredientId":{"$oid":"58825a487dd9431100f603b2"},"name":"Rice pie","checkedInCartShopping":true,"itemSelectedForShopping":false,"__v":0,"isRecipeLinkedToCategory":true},{"_id":{"$oid":"5884dd5fd569ee110066b0b5"},"recipeId":{"$oid":"5884dd45d569ee110066b0b2"},"ingredientId":{"$oid":"58828e81e096511100fa0d53"},"name":"Rice pie","checkedInCartShopping":true,"itemSelectedForShopping":false,"__v":0,"isRecipeLinkedToCategory":true},{"_id":{"$oid":"5884dd61d569ee110066b0b6"},"recipeId":{"$oid":"5884dd45d569ee110066b0b2"},"ingredientId":{"$oid":"5884aafd7d5384110034e045"},"name":"Rice pie","checkedInCartShopping":true,"itemSelectedForShopping":false,"__v":0,"isRecipeLinkedToCategory":true},{"_id":{"$oid":"5884dd64d569ee110066b0b7"},"recipeId":{"$oid":"5884dd45d569ee110066b0b2"},"ingredientId":{"$oid":"5884ac347d5384110034e053"},"name":"Rice pie","checkedInCartShopping":true,"itemSelectedForShopping":false,"__v":0,"isRecipeLinkedToCategory":true},{"_id":{"$oid":"5884dd66d569ee110066b0b8"},"recipeId":{"$oid":"5884dd45d569ee110066b0b2"},"ingredientId":{"$oid":"5884ac847d5384110034e059"},"name":"Rice pie","checkedInCartShopping":true,"itemSelectedForShopping":false,"__v":0,"isRecipeLinkedToCategory":true},{"_id":{"$oid":"5884dd70d569ee110066b0b9"},"recipeId":{"$oid":"5884dd45d569ee110066b0b2"},"ingredientId":{"$oid":"5884db34d569ee110066b082"},"name":"Rice pie","checkedInCartShopping":true,"itemSelectedForShopping":false,"__v":0,"isRecipeLinkedToCategory":false},{"_id":{"$oid":"5884dd73d569ee110066b0ba"},"recipeId":{"$oid":"5884dd45d569ee110066b0b2"},"ingredientId":{"$oid":"5884aa9c7d5384110034e041"},"name":"Rice pie","checkedInCartShopping":true,"itemSelectedForShopping":false,"__v":0,"isRecipeLinkedToCategory":true},{"_id":{"$oid":"5884dd78d569ee110066b0bb"},"recipeId":{"$oid":"5884dd45d569ee110066b0b2"},"ingredientId":{"$oid":"5884dc8ad569ee110066b0ab"},"name":"Rice pie","checkedInCartShopping":true,"itemSelectedForShopping":false,"__v":0,"isRecipeLinkedToCategory":true},{"_id":{"$oid":"5884dd79d569ee110066b0bc"},"recipeId":{"$oid":"5884dd45d569ee110066b0b2"},"ingredientId":{"$oid":"5884a9f97d5384110034e03b"},"name":"Rice pie","checkedInCartShopping":true,"itemSelectedForShopping":false,"__v":0,"isRecipeLinkedToCategory":true},{"_id":{"$oid":"5884dd7ad569ee110066b0bd"},"recipeId":{"$oid":"5884dd45d569ee110066b0b2"},"ingredientId":{"$oid":"5884aac37d5384110034e043"},"name":"Rice pie","checkedInCartShopping":true,"itemSelectedForShopping":false,"__v":0,"isRecipeLinkedToCategory":true},{"_id":{"$oid":"5884dd7cd569ee110066b0be"},"recipeId":{"$oid":"5884dd45d569ee110066b0b2"},"ingredientId":{"$oid":"5884dce5d569ee110066b0af"},"name":"Rice pie","checkedInCartShopping":true,"itemSelectedForShopping":false,"__v":0,"isRecipeLinkedToCategory":true},{"_id":{"$oid":"5884ddb0d569ee110066b0c0"},"labelQuantity":"Unit","quantity":1,"ingredientId":{"$oid":"5884ddafd569ee110066b0bf"},"recipeId":{"$oid":"5884dd45d569ee110066b0b2"},"name":"Rice pie","checkedInCartShopping":true,"itemSelectedForShopping":false,"__v":0,"isRecipeLinkedToCategory":true},{"_id":{"$oid":"5884ddead569ee110066b0c2"},"labelQuantity":"Unit","quantity":1,"ingredientId":{"$oid":"5884ddead569ee110066b0c1"},"recipeId":{"$oid":"5884dd45d569ee110066b0b2"},"name":"Rice pie","checkedInCartShopping":true,"itemSelectedForShopping":false,"__v":0,"isRecipeLinkedToCategory":true},{"_id":{"$oid":"5884de20d569ee110066b0c4"},"labelQuantity":"Unit","quantity":1,"ingredientId":{"$oid":"5884de20d569ee110066b0c3"},"recipeId":{"$oid":"5884dd45d569ee110066b0b2"},"name":"Rice pie","checkedInCartShopping":true,"itemSelectedForShopping":false,"__v":0,"isRecipeLinkedToCategory":true},{"_id":{"$oid":"5884dea2d569ee110066b0c7"},"labelQuantity":"Unit","quantity":1,"ingredientId":{"$oid":"5884dea2d569ee110066b0c6"},"recipeId":{"$oid":"5884de83d569ee110066b0c5"},"name":"Curry","checkedInCartShopping":true,"itemSelectedForShopping":false,"__v":0,"isRecipeLinkedToCategory":true},{"_id":{"$oid":"5884deb7d569ee110066b0c9"},"labelQuantity":"Unit","quantity":1,"ingredientId":{"$oid":"5884deb7d569ee110066b0c8"},"recipeId":{"$oid":"5884de83d569ee110066b0c5"},"name":"Curry","checkedInCartShopping":true,"itemSelectedForShopping":false,"__v":0,"isRecipeLinkedToCategory":true},{"_id":{"$oid":"5884dedad569ee110066b0cb"},"labelQuantity":"Unit","quantity":1,"ingredientId":{"$oid":"5884dedad569ee110066b0ca"},"recipeId":{"$oid":"5884de83d569ee110066b0c5"},"name":"Curry","checkedInCartShopping":true,"itemSelectedForShopping":false,"__v":0,"isRecipeLinkedToCategory":true},{"_id":{"$oid":"5884df5cd569ee110066b0cf"},"labelQuantity":"Unit","quantity":1,"ingredientId":{"$oid":"5884df5cd569ee110066b0ce"},"recipeId":{"$oid":"5884df36d569ee110066b0cd"},"name":"Spinach sauce","checkedInCartShopping":true,"itemSelectedForShopping":false,"__v":0,"isRecipeLinkedToCategory":true},{"_id":{"$oid":"5884df76d569ee110066b0d1"},"labelQuantity":"Unit","quantity":1,"ingredientId":{"$oid":"5884df76d569ee110066b0d0"},"recipeId":{"$oid":"5884df36d569ee110066b0cd"},"name":"Spinach sauce","checkedInCartShopping":true,"itemSelectedForShopping":false,"__v":0,"isRecipeLinkedToCategory":true},{"_id":{"$oid":"5884df80d569ee110066b0d2"},"recipeId":{"$oid":"5884df36d569ee110066b0cd"},"ingredientId":{"$oid":"5884dce5d569ee110066b0af"},"name":"Spinach sauce","checkedInCartShopping":true,"itemSelectedForShopping":false,"__v":0,"isRecipeLinkedToCategory":true},{"_id":{"$oid":"5884df85d569ee110066b0d3"},"recipeId":{"$oid":"5884df36d569ee110066b0cd"},"ingredientId":{"$oid":"58825a487dd9431100f603b2"},"name":"Spinach sauce","checkedInCartShopping":true,"itemSelectedForShopping":false,"__v":0,"isRecipeLinkedToCategory":true},{"_id":{"$oid":"5884df8ad569ee110066b0d4"},"recipeId":{"$oid":"5884df36d569ee110066b0cd"},"ingredientId":{"$oid":"5884dca2d569ee110066b0ad"},"name":"Spinach sauce","checkedInCartShopping":true,"itemSelectedForShopping":false,"__v":0,"isRecipeLinkedToCategory":true},{"_id":{"$oid":"5884dfeed569ee110066b0d6"},"labelQuantity":"Unit","quantity":2,"ingredientId":{"$oid":"5884dfeed569ee110066b0d5"},"recipeId":{"$oid":"588494e34983d9110010fc81"},"name":"Random stuff","checkedInCartShopping":true,"itemSelectedForShopping":false,"__v":0,"isRecipeLinkedToCategory":true},{"_id":{"$oid":"5884e00ad569ee110066b0d9"},"labelQuantity":"Unit","quantity":1,"ingredientId":{"$oid":"5884e00ad569ee110066b0d8"},"recipeId":{"$oid":"588494e34983d9110010fc81"},"name":"Random stuff","checkedInCartShopping":true,"itemSelectedForShopping":false,"__v":0,"isRecipeLinkedToCategory":true},{"_id":{"$oid":"5884e09fd569ee110066b0dc"},"labelQuantity":"Unit","quantity":1,"ingredientId":{"$oid":"5884e09fd569ee110066b0db"},"recipeId":{"$oid":"588494e34983d9110010fc81"},"name":"Random stuff","checkedInCartShopping":true,"itemSelectedForShopping":false,"__v":0,"isRecipeLinkedToCategory":true},{"_id":{"$oid":"5884e0bbd569ee110066b0de"},"labelQuantity":"Unit","quantity":2,"ingredientId":{"$oid":"5884e0bbd569ee110066b0dd"},"recipeId":{"$oid":"588494e34983d9110010fc81"},"name":"Random stuff","checkedInCartShopping":true,"itemSelectedForShopping":true,"__v":0,"isRecipeLinkedToCategory":true},{"_id":{"$oid":"5884e0d3d569ee110066b0e0"},"labelQuantity":"Unit","quantity":1,"ingredientId":{"$oid":"5884e0d3d569ee110066b0df"},"recipeId":{"$oid":"588494e34983d9110010fc81"},"name":"Random stuff","checkedInCartShopping":true,"itemSelectedForShopping":false,"__v":0,"isRecipeLinkedToCategory":true},{"_id":{"$oid":"5884e114d569ee110066b0e3"},"labelQuantity":"Unit","quantity":1,"ingredientId":{"$oid":"5884e114d569ee110066b0e2"},"recipeId":{"$oid":"588494e34983d9110010fc81"},"name":"Random stuff","checkedInCartShopping":true,"itemSelectedForShopping":true,"__v":0,"isRecipeLinkedToCategory":true},{"_id":{"$oid":"5884e15ed569ee110066b0e6"},"labelQuantity":"Unit","quantity":1,"ingredientId":{"$oid":"5884e15ed569ee110066b0e5"},"recipeId":{"$oid":"588494e34983d9110010fc81"},"name":"Random stuff","checkedInCartShopping":true,"itemSelectedForShopping":false,"__v":0,"isRecipeLinkedToCategory":true},{"_id":{"$oid":"5884e18ad569ee110066b0e8"},"labelQuantity":"Unit","quantity":6,"ingredientId":{"$oid":"5884e18ad569ee110066b0e7"},"recipeId":{"$oid":"588494e34983d9110010fc81"},"name":"Random stuff","checkedInCartShopping":true,"itemSelectedForShopping":true,"__v":0,"isRecipeLinkedToCategory":true},{"_id":{"$oid":"5884e1aad569ee110066b0eb"},"labelQuantity":"Unit","quantity":1,"ingredientId":{"$oid":"5884e1aad569ee110066b0ea"},"recipeId":{"$oid":"588494e34983d9110010fc81"},"name":"Random stuff","checkedInCartShopping":true,"itemSelectedForShopping":false,"__v":0,"isRecipeLinkedToCategory":true},{"_id":{"$oid":"5884e1cfd569ee110066b0ed"},"labelQuantity":"Unit","quantity":1,"ingredientId":{"$oid":"5884e1cfd569ee110066b0ec"},"recipeId":{"$oid":"588494e34983d9110010fc81"},"name":"Random stuff","checkedInCartShopping":true,"itemSelectedForShopping":false,"__v":0,"isRecipeLinkedToCategory":true},{"_id":{"$oid":"5884e1dfd569ee110066b0ef"},"labelQuantity":"Unit","quantity":1,"ingredientId":{"$oid":"5884e1dfd569ee110066b0ee"},"recipeId":{"$oid":"588494e34983d9110010fc81"},"name":"Random stuff","checkedInCartShopping":true,"itemSelectedForShopping":false,"__v":0,"isRecipeLinkedToCategory":true},{"_id":{"$oid":"5884e1f4d569ee110066b0f1"},"labelQuantity":"Unit","quantity":1,"ingredientId":{"$oid":"5884e1f4d569ee110066b0f0"},"recipeId":{"$oid":"588494e34983d9110010fc81"},"name":"Random stuff","checkedInCartShopping":true,"itemSelectedForShopping":false,"__v":0,"isRecipeLinkedToCategory":true},{"_id":{"$oid":"5884e208d569ee110066b0f3"},"labelQuantity":"Unit","quantity":2,"ingredientId":{"$oid":"5884e208d569ee110066b0f2"},"recipeId":{"$oid":"588494e34983d9110010fc81"},"name":"Random stuff","checkedInCartShopping":true,"itemSelectedForShopping":true,"__v":0,"isRecipeLinkedToCategory":true},{"_id":{"$oid":"5884e21fd569ee110066b0f5"},"labelQuantity":"Unit","quantity":1,"ingredientId":{"$oid":"5884e21fd569ee110066b0f4"},"recipeId":{"$oid":"588494e34983d9110010fc81"},"name":"Random stuff","checkedInCartShopping":true,"itemSelectedForShopping":false,"__v":0,"isRecipeLinkedToCategory":true},{"_id":{"$oid":"5884e23dd569ee110066b0f7"},"labelQuantity":"Unit","quantity":1,"ingredientId":{"$oid":"5884e23dd569ee110066b0f6"},"recipeId":{"$oid":"588494e34983d9110010fc81"},"name":"Random stuff","checkedInCartShopping":true,"itemSelectedForShopping":false,"__v":0,"isRecipeLinkedToCategory":true},{"_id":{"$oid":"5884e250d569ee110066b0f9"},"labelQuantity":"Unit","quantity":8,"ingredientId":{"$oid":"5884e250d569ee110066b0f8"},"recipeId":{"$oid":"588494e34983d9110010fc81"},"name":"Random stuff","checkedInCartShopping":true,"itemSelectedForShopping":true,"__v":0,"isRecipeLinkedToCategory":true},{"_id":{"$oid":"5884e277d569ee110066b0fb"},"labelQuantity":"Unit","quantity":1,"ingredientId":{"$oid":"5884e277d569ee110066b0fa"},"recipeId":{"$oid":"588494e34983d9110010fc81"},"name":"Random stuff","checkedInCartShopping":true,"itemSelectedForShopping":false,"__v":0,"isRecipeLinkedToCategory":true},{"_id":{"$oid":"5884e435d569ee110066b0fd"},"labelQuantity":"Unit","quantity":1,"ingredientId":{"$oid":"5884e435d569ee110066b0fc"},"recipeId":{"$oid":"588494e34983d9110010fc81"},"name":"Random stuff","checkedInCartShopping":true,"itemSelectedForShopping":false,"__v":0,"isRecipeLinkedToCategory":true},{"_id":{"$oid":"58959704a5e1111100a0c7c6"},"recipeId":{"$oid":"588494e34983d9110010fc81"},"ingredientId":{"$oid":"5884dedad569ee110066b0ca"},"name":"Random stuff","isRecipeLinkedToCategory":true,"checkedInCartShopping":true,"itemSelectedForShopping":false,"__v":0},{"_id":{"$oid":"58959774a5e1111100a0c7c9"},"labelQuantity":"Kilograms","quantity":500,"ingredientId":{"$oid":"58959774a5e1111100a0c7c8"},"recipeId":{"$oid":"58959749a5e1111100a0c7c7"},"name":"Meat loaf","isRecipeLinkedToCategory":true,"checkedInCartShopping":true,"itemSelectedForShopping":true,"__v":0},{"_id":{"$oid":"58959782a5e1111100a0c7ca"},"recipeId":{"$oid":"58959749a5e1111100a0c7c7"},"ingredientId":{"$oid":"5884dedad569ee110066b0ca"},"name":"Meat loaf","isRecipeLinkedToCategory":false,"checkedInCartShopping":true,"itemSelectedForShopping":true,"__v":0},{"_id":{"$oid":"58959783a5e1111100a0c7cb"},"recipeId":{"$oid":"58959749a5e1111100a0c7c7"},"ingredientId":{"$oid":"58825a487dd9431100f603b2"},"name":"Meat loaf","isRecipeLinkedToCategory":true,"checkedInCartShopping":true,"itemSelectedForShopping":true,"__v":0},{"_id":{"$oid":"5895978ba5e1111100a0c7cc"},"recipeId":{"$oid":"58959749a5e1111100a0c7c7"},"ingredientId":{"$oid":"5884dca2d569ee110066b0ad"},"name":"Meat loaf","isRecipeLinkedToCategory":false,"checkedInCartShopping":true,"itemSelectedForShopping":true,"__v":0},{"_id":{"$oid":"5895978ca5e1111100a0c7cd"},"recipeId":{"$oid":"58959749a5e1111100a0c7c7"},"ingredientId":{"$oid":"5884ac847d5384110034e059"},"name":"Meat loaf","isRecipeLinkedToCategory":true,"checkedInCartShopping":true,"itemSelectedForShopping":true,"__v":0},{"_id":{"$oid":"5895979fa5e1111100a0c7cf"},"labelQuantity":"Unit","quantity":1,"ingredientId":{"$oid":"5895979fa5e1111100a0c7ce"},"recipeId":{"$oid":"58959749a5e1111100a0c7c7"},"name":"Meat loaf","isRecipeLinkedToCategory":true,"checkedInCartShopping":true,"itemSelectedForShopping":true,"__v":0},{"_id":{"$oid":"589597c4a5e1111100a0c7d0"},"recipeId":{"$oid":"58959749a5e1111100a0c7c7"},"ingredientId":{"$oid":"5884df76d569ee110066b0d0"},"name":"Meat loaf","isRecipeLinkedToCategory":false,"checkedInCartShopping":true,"itemSelectedForShopping":true,"__v":0},{"_id":{"$oid":"589597c5a5e1111100a0c7d1"},"recipeId":{"$oid":"58959749a5e1111100a0c7c7"},"ingredientId":{"$oid":"5884dc8ad569ee110066b0ab"},"name":"Meat loaf","isRecipeLinkedToCategory":true,"checkedInCartShopping":true,"itemSelectedForShopping":true,"__v":0},{"_id":{"$oid":"589597cda5e1111100a0c7d2"},"recipeId":{"$oid":"58959749a5e1111100a0c7c7"},"ingredientId":{"$oid":"5884dc50d569ee110066b0a5"},"name":"Meat loaf","isRecipeLinkedToCategory":false,"checkedInCartShopping":true,"itemSelectedForShopping":true,"__v":0},{"_id":{"$oid":"58959803a5e1111100a0c7d3"},"recipeId":{"$oid":"58959749a5e1111100a0c7c7"},"ingredientId":{"$oid":"5884dad1d569ee110066b07a"},"name":"Meat loaf","isRecipeLinkedToCategory":false,"checkedInCartShopping":true,"itemSelectedForShopping":true,"__v":0},{"_id":{"$oid":"5895980ba5e1111100a0c7d4"},"recipeId":{"$oid":"58959749a5e1111100a0c7c7"},"ingredientId":{"$oid":"5884ddead569ee110066b0c1"},"name":"Meat loaf","isRecipeLinkedToCategory":false,"checkedInCartShopping":true,"itemSelectedForShopping":true,"__v":0},{"_id":{"$oid":"58959818a5e1111100a0c7d5"},"recipeId":{"$oid":"58959749a5e1111100a0c7c7"},"ingredientId":{"$oid":"588256d27dd9431100f603af"},"name":"Meat loaf","isRecipeLinkedToCategory":false,"checkedInCartShopping":true,"itemSelectedForShopping":true,"__v":0},{"_id":{"$oid":"5895a56ad647fd1100f8aed2"},"recipeId":{"$oid":"5895a545d647fd1100f8aecf"},"ingredientId":{"$oid":"5884d06cd569ee110066b062"},"name":"Veggie lasagna","isRecipeLinkedToCategory":false,"checkedInCartShopping":true,"itemSelectedForShopping":false,"__v":0},{"_id":{"$oid":"5895a56bd647fd1100f8aed3"},"recipeId":{"$oid":"5895a545d647fd1100f8aecf"},"ingredientId":{"$oid":"5884abf27d5384110034e04e"},"name":"Veggie lasagna","isRecipeLinkedToCategory":false,"checkedInCartShopping":true,"itemSelectedForShopping":false,"__v":0},{"_id":{"$oid":"5895a56dd647fd1100f8aed4"},"recipeId":{"$oid":"5895a545d647fd1100f8aecf"},"ingredientId":{"$oid":"5884dce5d569ee110066b0af"},"name":"Veggie lasagna","isRecipeLinkedToCategory":true,"checkedInCartShopping":true,"itemSelectedForShopping":false,"__v":0},{"_id":{"$oid":"5895a570d647fd1100f8aed5"},"recipeId":{"$oid":"5895a545d647fd1100f8aecf"},"ingredientId":{"$oid":"5884e21fd569ee110066b0f4"},"name":"Veggie lasagna","isRecipeLinkedToCategory":true,"checkedInCartShopping":true,"itemSelectedForShopping":false,"__v":0},{"_id":{"$oid":"5895a571d647fd1100f8aed6"},"recipeId":{"$oid":"5895a545d647fd1100f8aecf"},"ingredientId":{"$oid":"58825a487dd9431100f603b2"},"name":"Veggie lasagna","isRecipeLinkedToCategory":true,"checkedInCartShopping":true,"itemSelectedForShopping":false,"__v":0},{"_id":{"$oid":"5895a572d647fd1100f8aed7"},"recipeId":{"$oid":"5895a545d647fd1100f8aecf"},"ingredientId":{"$oid":"58828e81e096511100fa0d53"},"name":"Veggie lasagna","isRecipeLinkedToCategory":true,"checkedInCartShopping":true,"itemSelectedForShopping":false,"__v":0},{"_id":{"$oid":"5895a575d647fd1100f8aed8"},"recipeId":{"$oid":"5895a545d647fd1100f8aecf"},"ingredientId":{"$oid":"5884aafd7d5384110034e045"},"name":"Veggie lasagna","isRecipeLinkedToCategory":true,"checkedInCartShopping":true,"itemSelectedForShopping":false,"__v":0},{"_id":{"$oid":"5895a59ad647fd1100f8aeda"},"labelQuantity":"Unit","quantity":2,"ingredientId":{"$oid":"5895a59ad647fd1100f8aed9"},"recipeId":{"$oid":"5895a545d647fd1100f8aecf"},"name":"Veggie lasagna","isRecipeLinkedToCategory":true,"checkedInCartShopping":true,"itemSelectedForShopping":false,"__v":0},{"_id":{"$oid":"5895a64cd647fd1100f8aedc"},"labelQuantity":"Unit","quantity":2,"ingredientId":{"$oid":"5895a64cd647fd1100f8aedb"},"recipeId":{"$oid":"5895a545d647fd1100f8aecf"},"name":"Veggie lasagna","isRecipeLinkedToCategory":true,"checkedInCartShopping":true,"itemSelectedForShopping":false,"__v":0},{"_id":{"$oid":"5895a715d647fd1100f8aedd"},"recipeId":{"$oid":"5895a545d647fd1100f8aecf"},"ingredientId":{"$oid":"5884aac37d5384110034e043"},"name":"Veggie lasagna","isRecipeLinkedToCategory":false,"checkedInCartShopping":true,"itemSelectedForShopping":false,"__v":0},{"_id":{"$oid":"5895a716d647fd1100f8aede"},"recipeId":{"$oid":"5895a545d647fd1100f8aecf"},"ingredientId":{"$oid":"5884d9dfd569ee110066b071"},"name":"Veggie lasagna","isRecipeLinkedToCategory":false,"checkedInCartShopping":true,"itemSelectedForShopping":false,"__v":0},{"_id":{"$oid":"5895a718d647fd1100f8aedf"},"recipeId":{"$oid":"5895a545d647fd1100f8aecf"},"ingredientId":{"$oid":"5884a9f97d5384110034e03b"},"name":"Veggie lasagna","isRecipeLinkedToCategory":true,"checkedInCartShopping":true,"itemSelectedForShopping":false,"__v":0},{"_id":{"$oid":"5895ad99d647fd1100f8aee4"},"labelQuantity":"Unit","quantity":1,"ingredientId":{"$oid":"5895ad99d647fd1100f8aee3"},"recipeId":{"$oid":"5895ad5cd647fd1100f8aee1"},"name":"Beef ale stew","isRecipeLinkedToCategory":true,"checkedInCartShopping":true,"itemSelectedForShopping":true,"__v":0},{"_id":{"$oid":"5895adb7d647fd1100f8aee6"},"labelQuantity":"Unit","quantity":1,"ingredientId":{"$oid":"5895adb7d647fd1100f8aee5"},"recipeId":{"$oid":"5895ad5cd647fd1100f8aee1"},"name":"Beef ale stew","isRecipeLinkedToCategory":true,"checkedInCartShopping":true,"itemSelectedForShopping":true,"__v":0},{"_id":{"$oid":"5895adf7d647fd1100f8aee8"},"labelQuantity":"Kilograms","quantity":400,"ingredientId":{"$oid":"5895adf7d647fd1100f8aee7"},"recipeId":{"$oid":"5895ad5cd647fd1100f8aee1"},"name":"Beef ale stew","isRecipeLinkedToCategory":true,"checkedInCartShopping":true,"itemSelectedForShopping":true,"__v":0},{"_id":{"$oid":"5895ae06d647fd1100f8aee9"},"recipeId":{"$oid":"5895ad5cd647fd1100f8aee1"},"ingredientId":{"$oid":"5884df76d569ee110066b0d0"},"name":"Beef ale stew","isRecipeLinkedToCategory":false,"checkedInCartShopping":true,"itemSelectedForShopping":true,"__v":0},{"_id":{"$oid":"5895ae12d647fd1100f8aeea"},"recipeId":{"$oid":"5895ad5cd647fd1100f8aee1"},"ingredientId":{"$oid":"5884a9697d5384110034e035"},"name":"Beef ale stew","isRecipeLinkedToCategory":true,"checkedInCartShopping":true,"itemSelectedForShopping":true,"__v":0},{"_id":{"$oid":"5895ae17d647fd1100f8aeeb"},"recipeId":{"$oid":"5895ad5cd647fd1100f8aee1"},"ingredientId":{"$oid":"58825a487dd9431100f603b2"},"name":"Beef ale stew","isRecipeLinkedToCategory":true,"checkedInCartShopping":true,"itemSelectedForShopping":true,"__v":0},{"_id":{"$oid":"5895ae23d647fd1100f8aeec"},"recipeId":{"$oid":"5895ad5cd647fd1100f8aee1"},"ingredientId":{"$oid":"5884ac6e7d5384110034e057"},"name":"Beef ale stew","isRecipeLinkedToCategory":true,"checkedInCartShopping":true,"itemSelectedForShopping":true,"__v":0},{"_id":{"$oid":"5895ae4dd647fd1100f8aeee"},"labelQuantity":"Unit","quantity":1,"ingredientId":{"$oid":"5895ae4dd647fd1100f8aeed"},"recipeId":{"$oid":"5895ad5cd647fd1100f8aee1"},"name":"Beef ale stew","isRecipeLinkedToCategory":true,"checkedInCartShopping":true,"itemSelectedForShopping":true,"__v":0},{"_id":{"$oid":"5895af1ad647fd1100f8aef1"},"labelQuantity":"Unit","quantity":1,"ingredientId":{"$oid":"5895af1ad647fd1100f8aef0"},"recipeId":{"$oid":"5895aef6d647fd1100f8aeef"},"name":"Brocoli+chicken pie","isRecipeLinkedToCategory":true,"checkedInCartShopping":true,"itemSelectedForShopping":false,"__v":0},{"_id":{"$oid":"5895af30d647fd1100f8aef3"},"labelQuantity":"Unit","quantity":1,"ingredientId":{"$oid":"5895af30d647fd1100f8aef2"},"recipeId":{"$oid":"5895aef6d647fd1100f8aeef"},"name":"Brocoli+chicken pie","isRecipeLinkedToCategory":true,"checkedInCartShopping":true,"itemSelectedForShopping":false,"__v":0},{"_id":{"$oid":"5895af46d647fd1100f8aef4"},"recipeId":{"$oid":"5895aef6d647fd1100f8aeef"},"ingredientId":{"$oid":"5884e09fd569ee110066b0db"},"name":"Brocoli+chicken pie","isRecipeLinkedToCategory":false,"checkedInCartShopping":true,"itemSelectedForShopping":false,"__v":0},{"_id":{"$oid":"5895af4ad647fd1100f8aef5"},"recipeId":{"$oid":"5895aef6d647fd1100f8aeef"},"ingredientId":{"$oid":"5884aa9c7d5384110034e041"},"name":"Brocoli+chicken pie","isRecipeLinkedToCategory":true,"checkedInCartShopping":true,"itemSelectedForShopping":false,"__v":0},{"_id":{"$oid":"5895af50d647fd1100f8aef6"},"recipeId":{"$oid":"5895aef6d647fd1100f8aeef"},"ingredientId":{"$oid":"5884a9f97d5384110034e03b"},"name":"Brocoli+chicken pie","isRecipeLinkedToCategory":true,"checkedInCartShopping":true,"itemSelectedForShopping":false,"__v":0},{"_id":{"$oid":"5895af52d647fd1100f8aef7"},"recipeId":{"$oid":"5895aef6d647fd1100f8aeef"},"ingredientId":{"$oid":"5884d9dfd569ee110066b071"},"name":"Brocoli+chicken pie","isRecipeLinkedToCategory":true,"checkedInCartShopping":true,"itemSelectedForShopping":false,"__v":0},{"_id":{"$oid":"5895af5dd647fd1100f8aef8"},"recipeId":{"$oid":"5895aef6d647fd1100f8aeef"},"ingredientId":{"$oid":"5884db34d569ee110066b082"},"name":"Brocoli+chicken pie","isRecipeLinkedToCategory":false,"checkedInCartShopping":true,"itemSelectedForShopping":false,"__v":0},{"_id":{"$oid":"5895af5fd647fd1100f8aef9"},"recipeId":{"$oid":"5895aef6d647fd1100f8aeef"},"ingredientId":{"$oid":"58825a487dd9431100f603b2"},"name":"Brocoli+chicken pie","isRecipeLinkedToCategory":true,"checkedInCartShopping":true,"itemSelectedForShopping":false,"__v":0},{"_id":{"$oid":"5895af84d647fd1100f8aefa"},"recipeId":{"$oid":"5895aef6d647fd1100f8aeef"},"ingredientId":{"$oid":"5884d9ffd569ee110066b074"},"name":"Brocoli+chicken pie","isRecipeLinkedToCategory":true,"checkedInCartShopping":true,"itemSelectedForShopping":false,"__v":0},{"_id":{"$oid":"5895b66dd647fd1100f8aefc"},"labelQuantity":"Unit","quantity":4,"ingredientId":{"$oid":"5895b66dd647fd1100f8aefb"},"recipeId":{"$oid":"588494e34983d9110010fc81"},"name":"Random stuff","isRecipeLinkedToCategory":true,"checkedInCartShopping":true,"itemSelectedForShopping":false,"__v":0},{"_id":{"$oid":"5895b7fdd647fd1100f8aeff"},"labelQuantity":"Kilograms","quantity":300,"ingredientId":{"$oid":"5895b7fdd647fd1100f8aefe"},"recipeId":{"$oid":"588494e34983d9110010fc81"},"name":"Random stuff","isRecipeLinkedToCategory":true,"checkedInCartShopping":true,"itemSelectedForShopping":false,"__v":0},{"_id":{"$oid":"5895b884d647fd1100f8af00"},"recipeId":{"$oid":"588494e34983d9110010fc81"},"ingredientId":{"$oid":"5884aac37d5384110034e043"},"name":"Random stuff","isRecipeLinkedToCategory":true,"checkedInCartShopping":true,"itemSelectedForShopping":false,"__v":0},{"_id":{"$oid":"5895ba47d647fd1100f8af01"},"recipeId":{"$oid":"588254d07dd9431100f603a9"},"ingredientId":{"$oid":"5895b66dd647fd1100f8aefb"},"name":"Fish pocket","isRecipeLinkedToCategory":true,"checkedInCartShopping":true,"itemSelectedForShopping":false,"__v":0},{"_id":{"$oid":"5895ba4ad647fd1100f8af02"},"recipeId":{"$oid":"588254d07dd9431100f603a9"},"ingredientId":{"$oid":"5884dc76d569ee110066b0a9"},"name":"Fish pocket","isRecipeLinkedToCategory":true,"checkedInCartShopping":true,"itemSelectedForShopping":false,"__v":0},{"_id":{"$oid":"5895bb4bd647fd1100f8af03"},"recipeId":{"$oid":"588254d07dd9431100f603a9"},"ingredientId":{"$oid":"5884ac0e7d5384110034e050"},"name":"Fish pocket","isRecipeLinkedToCategory":false,"checkedInCartShopping":true,"itemSelectedForShopping":false,"__v":0},{"_id":{"$oid":"5895bb4dd647fd1100f8af04"},"recipeId":{"$oid":"588254d07dd9431100f603a9"},"ingredientId":{"$oid":"5884aafd7d5384110034e045"},"name":"Fish pocket","isRecipeLinkedToCategory":true,"checkedInCartShopping":true,"itemSelectedForShopping":false,"__v":0},{"_id":{"$oid":"5895bb51d647fd1100f8af05"},"recipeId":{"$oid":"588254d07dd9431100f603a9"},"ingredientId":{"$oid":"58825a487dd9431100f603b2"},"name":"Fish pocket","isRecipeLinkedToCategory":true,"checkedInCartShopping":true,"itemSelectedForShopping":false,"__v":0},{"_id":{"$oid":"5895bbe4d647fd1100f8af07"},"labelQuantity":"Unit","quantity":1,"ingredientId":{"$oid":"5895bbe4d647fd1100f8af06"},"recipeId":{"$oid":"588494e34983d9110010fc81"},"name":"Random stuff","isRecipeLinkedToCategory":true,"checkedInCartShopping":true,"itemSelectedForShopping":false,"__v":0},{"_id":{"$oid":"589de934267b2811000497ca"},"labelQuantity":"Unit","quantity":1,"ingredientId":{"$oid":"589de934267b2811000497c9"},"recipeId":{"$oid":"588494e34983d9110010fc81"},"name":"Random stuff","isRecipeLinkedToCategory":true,"checkedInCartShopping":true,"itemSelectedForShopping":false,"__v":0},{"_id":{"$oid":"589de9a3267b2811000497cb"},"recipeId":{"$oid":"588494e34983d9110010fc81"},"ingredientId":{"$oid":"5884daf1d569ee110066b07d"},"name":"Random stuff","isRecipeLinkedToCategory":true,"checkedInCartShopping":true,"itemSelectedForShopping":false,"__v":0},{"_id":{"$oid":"589ded86267b2811000497cf"},"labelQuantity":"Kilograms","quantity":100,"ingredientId":{"$oid":"589ded86267b2811000497ce"},"recipeId":{"$oid":"589ded4f267b2811000497cd"},"name":"Potato\u0026lentil","isRecipeLinkedToCategory":true,"checkedInCartShopping":true,"itemSelectedForShopping":false,"__v":0},{"_id":{"$oid":"589dede0267b2811000497d1"},"labelQuantity":"Unit","quantity":1,"ingredientId":{"$oid":"589dede0267b2811000497d0"},"recipeId":{"$oid":"589ded4f267b2811000497cd"},"name":"Potato\u0026lentil","isRecipeLinkedToCategory":true,"checkedInCartShopping":true,"itemSelectedForShopping":false,"__v":0},{"_id":{"$oid":"589dedf4267b2811000497d3"},"labelQuantity":"Unit","quantity":1,"ingredientId":{"$oid":"589dedf4267b2811000497d2"},"recipeId":{"$oid":"589ded4f267b2811000497cd"},"name":"Potato\u0026lentil","isRecipeLinkedToCategory":true,"checkedInCartShopping":true,"itemSelectedForShopping":false,"__v":0},{"_id":{"$oid":"589dee39267b2811000497d5"},"labelQuantity":"Kilograms","quantity":400,"ingredientId":{"$oid":"589dee39267b2811000497d4"},"recipeId":{"$oid":"589ded4f267b2811000497cd"},"name":"Potato\u0026lentil","isRecipeLinkedToCategory":true,"checkedInCartShopping":true,"itemSelectedForShopping":false,"__v":0},{"_id":{"$oid":"589def50267b2811000497d7"},"recipeId":{"$oid":"589def3e267b2811000497d6"},"ingredientId":{"$oid":"58825a487dd9431100f603b2"},"name":"Chopped Pork","isRecipeLinkedToCategory":true,"checkedInCartShopping":true,"itemSelectedForShopping":true,"__v":0},{"_id":{"$oid":"589df2f3267b2811000497db"},"labelQuantity":"Kilograms","quantity":500,"ingredientId":{"$oid":"589df2f3267b2811000497da"},"recipeId":{"$oid":"589df2bd267b2811000497d8"},"name":"Tuna \u0026 herbed fusilli","isRecipeLinkedToCategory":true,"checkedInCartShopping":true,"itemSelectedForShopping":false,"__v":0},{"_id":{"$oid":"589df31c267b2811000497dc"},"recipeId":{"$oid":"589df2bd267b2811000497d8"},"ingredientId":{"$oid":"5884aafd7d5384110034e045"},"name":"Tuna \u0026 herbed fusilli","isRecipeLinkedToCategory":true,"checkedInCartShopping":true,"itemSelectedForShopping":false,"__v":0},{"_id":{"$oid":"589df338267b2811000497de"},"labelQuantity":"Kilograms","quantity":300,"ingredientId":{"$oid":"589df338267b2811000497dd"},"recipeId":{"$oid":"589df2bd267b2811000497d8"},"name":"Tuna \u0026 herbed fusilli","isRecipeLinkedToCategory":true,"checkedInCartShopping":true,"itemSelectedForShopping":false,"__v":0},{"_id":{"$oid":"589df35d267b2811000497e0"},"labelQuantity":"Kilograms","quantity":200,"ingredientId":{"$oid":"589df35d267b2811000497df"},"recipeId":{"$oid":"589df2bd267b2811000497d8"},"name":"Tuna \u0026 herbed fusilli","isRecipeLinkedToCategory":true,"checkedInCartShopping":true,"itemSelectedForShopping":false,"__v":0},{"_id":{"$oid":"589df3c3267b2811000497e1"},"recipeId":{"$oid":"589df2bd267b2811000497d8"},"ingredientId":{"$oid":"589dedf4267b2811000497d2"},"name":"Tuna \u0026 herbed fusilli","isRecipeLinkedToCategory":true,"checkedInCartShopping":true,"itemSelectedForShopping":false,"__v":0},{"_id":{"$oid":"589df454267b2811000497e3"},"labelQuantity":"Unit","quantity":1,"ingredientId":{"$oid":"589df454267b2811000497e2"},"recipeId":{"$oid":"589df2bd267b2811000497d8"},"name":"Tuna \u0026 herbed fusilli","isRecipeLinkedToCategory":true,"checkedInCartShopping":true,"itemSelectedForShopping":false,"__v":0},{"_id":{"$oid":"589df467267b2811000497e4"},"recipeId":{"$oid":"589df2bd267b2811000497d8"},"ingredientId":{"$oid":"5884dc76d569ee110066b0a9"},"name":"Tuna \u0026 herbed fusilli","isRecipeLinkedToCategory":true,"checkedInCartShopping":true,"itemSelectedForShopping":false,"__v":0},{"_id":{"$oid":"589df498267b2811000497e5"},"recipeId":{"$oid":"589df2bd267b2811000497d8"},"ingredientId":{"$oid":"5895b66dd647fd1100f8aefb"},"name":"Tuna \u0026 herbed fusilli","isRecipeLinkedToCategory":true,"checkedInCartShopping":true,"itemSelectedForShopping":false,"__v":0},{"_id":{"$oid":"589df4c8267b2811000497e7"},"labelQuantity":"Unit","quantity":1,"ingredientId":{"$oid":"589df4c8267b2811000497e6"},"recipeId":{"$oid":"589df2bd267b2811000497d8"},"name":"Tuna \u0026 herbed fusilli","isRecipeLinkedToCategory":true,"checkedInCartShopping":true,"itemSelectedForShopping":false,"__v":0},{"_id":{"$oid":"589df4f4267b2811000497e9"},"labelQuantity":"Unit","quantity":1,"ingredientId":{"$oid":"589df4f4267b2811000497e8"},"recipeId":{"$oid":"589df2bd267b2811000497d8"},"name":"Tuna \u0026 herbed fusilli","isRecipeLinkedToCategory":true,"checkedInCartShopping":true,"itemSelectedForShopping":false,"__v":0},{"_id":{"$oid":"589df6f5267b2811000497eb"},"labelQuantity":"Unit","quantity":1,"ingredientId":{"$oid":"589df6f5267b2811000497ea"},"recipeId":{"$oid":"589df2bd267b2811000497d8"},"name":"Tuna \u0026 herbed fusilli","isRecipeLinkedToCategory":true,"checkedInCartShopping":true,"itemSelectedForShopping":false,"__v":0},{"_id":{"$oid":"589df86b267b2811000497ec"},"recipeId":{"$oid":"589debe8267b2811000497cc"},"ingredientId":{"$oid":"5884d9ffd569ee110066b074"},"name":"Pizza","isRecipeLinkedToCategory":true,"checkedInCartShopping":true,"itemSelectedForShopping":false,"__v":0,"quantity":300,"labelQuantity":"Kilograms"},{"_id":{"$oid":"589df8bd267b2811000497ed"},"recipeId":{"$oid":"589debe8267b2811000497cc"},"ingredientId":{"$oid":"5884daf1d569ee110066b07d"},"name":"Pizza","isRecipeLinkedToCategory":true,"checkedInCartShopping":true,"itemSelectedForShopping":false,"__v":0},{"_id":{"$oid":"589df8cc267b2811000497ee"},"recipeId":{"$oid":"589debe8267b2811000497cc"},"ingredientId":{"$oid":"5895a64cd647fd1100f8aedb"},"name":"Pizza","isRecipeLinkedToCategory":true,"checkedInCartShopping":true,"itemSelectedForShopping":false,"__v":0},{"_id":{"$oid":"589df8f7267b2811000497f0"},"labelQuantity":"Unit","quantity":1,"ingredientId":{"$oid":"589df8f7267b2811000497ef"},"recipeId":{"$oid":"589debe8267b2811000497cc"},"name":"Pizza","isRecipeLinkedToCategory":true,"checkedInCartShopping":true,"itemSelectedForShopping":false,"__v":0},{"_id":{"$oid":"589df919267b2811000497f1"},"recipeId":{"$oid":"589debe8267b2811000497cc"},"ingredientId":{"$oid":"5884e21fd569ee110066b0f4"},"name":"Pizza","isRecipeLinkedToCategory":true,"checkedInCartShopping":true,"itemSelectedForShopping":false,"__v":0},{"_id":{"$oid":"589df936267b2811000497f2"},"recipeId":{"$oid":"589debe8267b2811000497cc"},"ingredientId":{"$oid":"58825a487dd9431100f603b2"},"name":"Pizza","isRecipeLinkedToCategory":true,"checkedInCartShopping":true,"itemSelectedForShopping":false,"__v":0},{"_id":{"$oid":"589df962267b2811000497f4"},"labelQuantity":"Kilograms","quantity":0,"ingredientId":{"$oid":"589df962267b2811000497f3"},"recipeId":{"$oid":"589debe8267b2811000497cc"},"name":"Pizza","isRecipeLinkedToCategory":true,"checkedInCartShopping":true,"itemSelectedForShopping":false,"__v":0},{"_id":{"$oid":"589df9cd267b2811000497f5"},"recipeId":{"$oid":"589debe8267b2811000497cc"},"ingredientId":{"$oid":"5884dc76d569ee110066b0a9"},"name":"Pizza","isRecipeLinkedToCategory":true,"checkedInCartShopping":true,"itemSelectedForShopping":false,"__v":0},{"_id":{"$oid":"589dfb9f267b2811000497f6"},"recipeId":{"$oid":"588494e34983d9110010fc81"},"ingredientId":{"$oid":"5884a9c37d5384110034e038"},"name":"Random stuff","isRecipeLinkedToCategory":true,"checkedInCartShopping":true,"itemSelectedForShopping":false,"__v":0},{"_id":{"$oid":"589f4b1d89c18a11003e65f2"},"labelQuantity":"Unit","quantity":1,"ingredientId":{"$oid":"589f4b1d89c18a11003e65f1"},"recipeId":{"$oid":"588494e34983d9110010fc81"},"name":"Random stuff","isRecipeLinkedToCategory":true,"checkedInCartShopping":true,"itemSelectedForShopping":false,"__v":0},{"_id":{"$oid":"58a043de3f223f1100d720f7"},"labelQuantity":"Unit","quantity":2,"ingredientId":{"$oid":"58a043dd3f223f1100d720f6"},"recipeId":{"$oid":"588494e34983d9110010fc81"},"name":"Random stuff","isRecipeLinkedToCategory":true,"checkedInCartShopping":true,"itemSelectedForShopping":false,"__v":0},{"_id":{"$oid":"58a81e93b58ae41100efaffa"},"labelQuantity":"Kilograms","quantity":0,"ingredientId":{"$oid":"58a81e93b58ae41100efaff9"},"recipeId":{"$oid":"5882480f7dd9431100f603a4"},"name":"Brazilian's beans","isRecipeLinkedToCategory":true,"checkedInCartShopping":true,"itemSelectedForShopping":true,"__v":0},{"_id":{"$oid":"58a81ed8b58ae41100efaffb"},"recipeId":{"$oid":"5882480f7dd9431100f603a4"},"ingredientId":{"$oid":"5884dc8ad569ee110066b0ab"},"name":"Brazilian's beans","isRecipeLinkedToCategory":true,"checkedInCartShopping":true,"itemSelectedForShopping":true,"__v":0},{"_id":{"$oid":"58a8203cb58ae41100efaffe"},"recipeId":{"$oid":"58a82029b58ae41100efaffc"},"ingredientId":{"$oid":"5884e21fd569ee110066b0f4"},"name":"Pasta","isRecipeLinkedToCategory":true,"checkedInCartShopping":true,"itemSelectedForShopping":false,"__v":0},{"_id":{"$oid":"58a82096b58ae41100efafff"},"recipeId":{"$oid":"5884de83d569ee110066b0c5"},"ingredientId":{"$oid":"5884a9017d5384110034e031"},"name":"Curry","isRecipeLinkedToCategory":true,"checkedInCartShopping":true,"itemSelectedForShopping":false,"__v":0},{"_id":{"$oid":"58a820a1b58ae41100efb000"},"recipeId":{"$oid":"5884de83d569ee110066b0c5"},"ingredientId":{"$oid":"589dedf4267b2811000497d2"},"name":"Curry","isRecipeLinkedToCategory":true,"checkedInCartShopping":true,"itemSelectedForShopping":false,"__v":0},{"_id":{"$oid":"58a820c6b58ae41100efb001"},"recipeId":{"$oid":"5884de83d569ee110066b0c5"},"ingredientId":{"$oid":"5882b2a571d4451100314f74"},"name":"Curry","isRecipeLinkedToCategory":true,"checkedInCartShopping":true,"itemSelectedForShopping":false,"__v":0},{"_id":{"$oid":"58a820edb58ae41100efb002"},"recipeId":{"$oid":"5884de83d569ee110066b0c5"},"ingredientId":{"$oid":"5884aa9c7d5384110034e041"},"name":"Curry","isRecipeLinkedToCategory":true,"checkedInCartShopping":true,"itemSelectedForShopping":false,"__v":0},{"_id":{"$oid":"58a8210ab58ae41100efb003"},"recipeId":{"$oid":"5884de83d569ee110066b0c5"},"ingredientId":{"$oid":"5884e23dd569ee110066b0f6"},"name":"Curry","isRecipeLinkedToCategory":true,"checkedInCartShopping":true,"itemSelectedForShopping":false,"__v":0},{"_id":{"$oid":"58a8214bb58ae41100efb005"},"labelQuantity":"Unit","quantity":1,"ingredientId":{"$oid":"58a8214bb58ae41100efb004"},"recipeId":{"$oid":"5884de83d569ee110066b0c5"},"name":"Curry","isRecipeLinkedToCategory":true,"checkedInCartShopping":true,"itemSelectedForShopping":false,"__v":0},{"_id":{"$oid":"58a82165b58ae41100efb006"},"recipeId":{"$oid":"5884de83d569ee110066b0c5"},"ingredientId":{"$oid":"5884ac347d5384110034e053"},"name":"Curry","isRecipeLinkedToCategory":true,"checkedInCartShopping":true,"itemSelectedForShopping":false,"__v":0},{"_id":{"$oid":"58a8218eb58ae41100efb007"},"recipeId":{"$oid":"5884de83d569ee110066b0c5"},"ingredientId":{"$oid":"5884ac847d5384110034e059"},"name":"Curry","isRecipeLinkedToCategory":true,"checkedInCartShopping":true,"itemSelectedForShopping":false,"__v":0},{"_id":{"$oid":"58a821abb58ae41100efb008"},"recipeId":{"$oid":"5884de83d569ee110066b0c5"},"ingredientId":{"$oid":"5884a9697d5384110034e035"},"name":"Curry","isRecipeLinkedToCategory":true,"checkedInCartShopping":true,"itemSelectedForShopping":false,"__v":0},{"_id":{"$oid":"58a821fab58ae41100efb00a"},"labelQuantity":"Kilograms","quantity":0,"ingredientId":{"$oid":"58a821fab58ae41100efb009"},"recipeId":{"$oid":"5884de83d569ee110066b0c5"},"name":"Curry","isRecipeLinkedToCategory":true,"checkedInCartShopping":true,"itemSelectedForShopping":false,"__v":0},{"_id":{"$oid":"58b09d9a96304c110075d7e6"},"recipeId":{"$oid":"589ded4f267b2811000497cd"},"ingredientId":{"$oid":"5884ac0e7d5384110034e050"},"name":"Potato\u0026lentil","isRecipeLinkedToCategory":true,"checkedInCartShopping":true,"itemSelectedForShopping":false,"__v":0},{"_id":{"$oid":"58b0a77c96304c110075d7e8"},"labelQuantity":"Unit","quantity":2,"ingredientId":{"$oid":"58b0a77c96304c110075d7e7"},"recipeId":{"$oid":"588494e34983d9110010fc81"},"name":"Random stuff","isRecipeLinkedToCategory":true,"checkedInCartShopping":true,"itemSelectedForShopping":false,"__v":0},{"_id":{"$oid":"58b0a79796304c110075d7ea"},"labelQuantity":"Unit","quantity":2,"ingredientId":{"$oid":"58b0a79796304c110075d7e9"},"recipeId":{"$oid":"588494e34983d9110010fc81"},"name":"Random stuff","isRecipeLinkedToCategory":true,"checkedInCartShopping":true,"itemSelectedForShopping":false,"__v":0},{"_id":{"$oid":"58b0a7d896304c110075d7ed"},"labelQuantity":"Unit","quantity":1,"ingredientId":{"$oid":"58b0a7d896304c110075d7ec"},"recipeId":{"$oid":"588494e34983d9110010fc81"},"name":"Random stuff","isRecipeLinkedToCategory":true,"checkedInCartShopping":true,"itemSelectedForShopping":false,"__v":0},{"_id":{"$oid":"58bbf32c9608f21100758c8f"},"labelQuantity":"Unit","quantity":1,"ingredientId":{"$oid":"58bbf32c9608f21100758c8e"},"recipeId":{"$oid":"5882566d7dd9431100f603ad"},"name":"Gnocchi","isRecipeLinkedToCategory":true,"checkedInCartShopping":true,"itemSelectedForShopping":false,"__v":0},{"_id":{"$oid":"58bbf34c9608f21100758c90"},"recipeId":{"$oid":"5882566d7dd9431100f603ad"},"ingredientId":{"$oid":"5884ac6e7d5384110034e057"},"name":"Gnocchi","isRecipeLinkedToCategory":true,"checkedInCartShopping":true,"itemSelectedForShopping":false,"__v":0},{"_id":{"$oid":"58bbf34d9608f21100758c91"},"recipeId":{"$oid":"5882566d7dd9431100f603ad"},"ingredientId":{"$oid":"5895a59ad647fd1100f8aed9"},"name":"Gnocchi","isRecipeLinkedToCategory":true,"checkedInCartShopping":true,"itemSelectedForShopping":false,"__v":0},{"_id":{"$oid":"58bbf34e9608f21100758c92"},"recipeId":{"$oid":"5882566d7dd9431100f603ad"},"ingredientId":{"$oid":"5895979fa5e1111100a0c7ce"},"name":"Gnocchi","isRecipeLinkedToCategory":true,"checkedInCartShopping":true,"itemSelectedForShopping":false,"__v":0},{"_id":{"$oid":"58bbf4309608f21100758c94"},"recipeId":{"$oid":"58bbf4179608f21100758c93"},"ingredientId":{"$oid":"5884aa9c7d5384110034e041"},"name":"Salpicao","isRecipeLinkedToCategory":true,"checkedInCartShopping":true,"itemSelectedForShopping":false,"__v":0},{"_id":{"$oid":"58bbf43d9608f21100758c95"},"recipeId":{"$oid":"58bbf4179608f21100758c93"},"ingredientId":{"$oid":"5884a9017d5384110034e031"},"name":"Salpicao","isRecipeLinkedToCategory":false,"checkedInCartShopping":true,"itemSelectedForShopping":false,"__v":0},{"_id":{"$oid":"58bbf43e9608f21100758c96"},"recipeId":{"$oid":"58bbf4179608f21100758c93"},"ingredientId":{"$oid":"5884ac847d5384110034e059"},"name":"Salpicao","isRecipeLinkedToCategory":true,"checkedInCartShopping":true,"itemSelectedForShopping":false,"__v":0},{"_id":{"$oid":"58bbf44b9608f21100758c97"},"recipeId":{"$oid":"58bbf4179608f21100758c93"},"ingredientId":{"$oid":"5884de20d569ee110066b0c3"},"name":"Salpicao","isRecipeLinkedToCategory":false,"checkedInCartShopping":true,"itemSelectedForShopping":false,"__v":0},{"_id":{"$oid":"58bbf45c9608f21100758c98"},"recipeId":{"$oid":"58bbf4179608f21100758c93"},"ingredientId":{"$oid":"5884dce5d569ee110066b0af"},"name":"Salpicao","isRecipeLinkedToCategory":true,"checkedInCartShopping":true,"itemSelectedForShopping":false,"__v":0},{"_id":{"$oid":"58bbf4649608f21100758c99"},"recipeId":{"$oid":"58bbf4179608f21100758c93"},"ingredientId":{"$oid":"589f4b1d89c18a11003e65f1"},"name":"Salpicao","isRecipeLinkedToCategory":true,"checkedInCartShopping":true,"itemSelectedForShopping":false,"__v":0},{"_id":{"$oid":"58bbf48f9608f21100758c9b"},"labelQuantity":"Unit","quantity":1,"ingredientId":{"$oid":"58bbf48f9608f21100758c9a"},"recipeId":{"$oid":"58bbf4179608f21100758c93"},"name":"Salpicao","isRecipeLinkedToCategory":true,"checkedInCartShopping":true,"itemSelectedForShopping":false,"__v":0},{"_id":{"$oid":"58bbf4ac9608f21100758c9d"},"labelQuantity":"Unit","quantity":1,"ingredientId":{"$oid":"58bbf4ac9608f21100758c9c"},"recipeId":{"$oid":"58bbf4179608f21100758c93"},"name":"Salpicao","isRecipeLinkedToCategory":true,"checkedInCartShopping":true,"itemSelectedForShopping":false,"__v":0},{"_id":{"$oid":"58bbf52e9608f21100758c9e"},"recipeId":{"$oid":"58bbf4179608f21100758c93"},"ingredientId":{"$oid":"5884e1f4d569ee110066b0f0"},"name":"Salpicao","isRecipeLinkedToCategory":true,"checkedInCartShopping":true,"itemSelectedForShopping":false,"__v":0},{"_id":{"$oid":"58bbf5389608f21100758c9f"},"recipeId":{"$oid":"58bbf4179608f21100758c93"},"ingredientId":{"$oid":"5884ac0e7d5384110034e050"},"name":"Salpicao","isRecipeLinkedToCategory":false,"checkedInCartShopping":true,"itemSelectedForShopping":false,"__v":0},{"_id":{"$oid":"58bbf5a69608f21100758ca1"},"labelQuantity":"Unit","quantity":1,"ingredientId":{"$oid":"58bbf5a69608f21100758ca0"},"recipeId":{"$oid":"588494e34983d9110010fc81"},"name":"Random stuff","isRecipeLinkedToCategory":true,"checkedInCartShopping":true,"itemSelectedForShopping":false,"__v":0},{"_id":{"$oid":"58bbf6079608f21100758ca4"},"labelQuantity":"Unit","quantity":1,"ingredientId":{"$oid":"58bbf6079608f21100758ca3"},"recipeId":{"$oid":"588494e34983d9110010fc81"},"name":"Random stuff","isRecipeLinkedToCategory":true,"checkedInCartShopping":true,"itemSelectedForShopping":false,"__v":0},{"_id":{"$oid":"58bbf62c9608f21100758ca6"},"labelQuantity":"Unit","quantity":1,"ingredientId":{"$oid":"58bbf62c9608f21100758ca5"},"recipeId":{"$oid":"588494e34983d9110010fc81"},"name":"Random stuff","isRecipeLinkedToCategory":true,"checkedInCartShopping":true,"itemSelectedForShopping":false,"__v":0},{"_id":{"$oid":"58bf4e0737e3b61100349b60"},"recipeId":{"$oid":"5895ad5cd647fd1100f8aee1"},"ingredientId":{"$oid":"58bbf6079608f21100758ca3"},"name":"Beef ale stew","isRecipeLinkedToCategory":false,"checkedInCartShopping":true,"itemSelectedForShopping":true,"__v":0},{"_id":{"$oid":"59293b5fd28f4d1100f46f6c"},"labelQuantity":"Unit","quantity":1,"ingredientId":{"$oid":"59293b5fd28f4d1100f46f6b"},"recipeId":{"$oid":"588494e34983d9110010fc81"},"name":"Random stuff","isRecipeLinkedToCategory":true,"checkedInCartShopping":true,"itemSelectedForShopping":false,"__v":0},{"_id":{"$oid":"59293b7ad28f4d1100f46f6e"},"labelQuantity":"Unit","quantity":1,"ingredientId":{"$oid":"59293b7ad28f4d1100f46f6d"},"recipeId":{"$oid":"588494e34983d9110010fc81"},"name":"Random stuff","isRecipeLinkedToCategory":true,"checkedInCartShopping":true,"itemSelectedForShopping":false,"__v":0},{"_id":{"$oid":"59293ba6d28f4d1100f46f70"},"labelQuantity":"Unit","quantity":5,"ingredientId":{"$oid":"59293ba6d28f4d1100f46f6f"},"recipeId":{"$oid":"588494e34983d9110010fc81"},"name":"Random stuff","isRecipeLinkedToCategory":true,"checkedInCartShopping":true,"itemSelectedForShopping":true,"__v":0},{"_id":{"$oid":"59293ddbd28f4d1100f46f72"},"labelQuantity":"Unit","quantity":4,"ingredientId":{"$oid":"59293ddbd28f4d1100f46f71"},"recipeId":{"$oid":"589def3e267b2811000497d6"},"name":"Chopped Pork","isRecipeLinkedToCategory":true,"checkedInCartShopping":true,"itemSelectedForShopping":true,"__v":0},{"_id":{"$oid":"59293ea9d28f4d1100f46f75"},"labelQuantity":"Unit","quantity":1,"ingredientId":{"$oid":"59293ea9d28f4d1100f46f74"},"recipeId":{"$oid":"588494e34983d9110010fc81"},"name":"Random stuff","isRecipeLinkedToCategory":true,"checkedInCartShopping":true,"itemSelectedForShopping":false,"__v":0},{"_id":{"$oid":"593d80e1d4e3d8110037c6d0"},"recipeId":{"$oid":"593d80c9d4e3d8110037c6cf"},"ingredientId":{"$oid":"58959774a5e1111100a0c7c8"},"name":"Polish kotcret","isRecipeLinkedToCategory":true,"checkedInCartShopping":true,"itemSelectedForShopping":true,"__v":0},{"_id":{"$oid":"593d8114d4e3d8110037c6d1"},"labelQuantity":"Kilograms","quantity":300,"ingredientId":{"$oid":"5884d790d569ee110066b066"},"recipeId":{"$oid":"593d80c9d4e3d8110037c6cf"},"isRecipeLinkedToCategory":true,"checkedInCartShopping":true,"itemSelectedForShopping":true,"__v":0},{"_id":{"$oid":"593d812dd4e3d8110037c6d2"},"recipeId":{"$oid":"593d80c9d4e3d8110037c6cf"},"ingredientId":{"$oid":"58825a487dd9431100f603b2"},"name":"Polish kotcret","isRecipeLinkedToCategory":true,"checkedInCartShopping":true,"itemSelectedForShopping":true,"__v":0},{"_id":{"$oid":"593d8181d4e3d8110037c6d4"},"labelQuantity":"Kilograms","quantity":0,"ingredientId":{"$oid":"593d8181d4e3d8110037c6d3"},"recipeId":{"$oid":"593d80c9d4e3d8110037c6cf"},"name":"Polish kotcret","isRecipeLinkedToCategory":true,"checkedInCartShopping":true,"itemSelectedForShopping":true,"__v":0},{"_id":{"$oid":"59482d438866901100ec224a"},"labelQuantity":"Unit","quantity":1,"ingredientId":{"$oid":"59482d438866901100ec2249"},"recipeId":{"$oid":"588494e34983d9110010fc81"},"name":"Random stuff","isRecipeLinkedToCategory":true,"checkedInCartShopping":true,"itemSelectedForShopping":true,"__v":0},{"_id":{"$oid":"59482d718866901100ec224c"},"labelQuantity":"Unit","quantity":4,"ingredientId":{"$oid":"59482d718866901100ec224b"},"recipeId":{"$oid":"588494e34983d9110010fc81"},"name":"Random stuff","isRecipeLinkedToCategory":true,"checkedInCartShopping":true,"itemSelectedForShopping":true,"__v":0},{"_id":{"$oid":"59482d948866901100ec224d"},"recipeId":{"$oid":"588494e34983d9110010fc81"},"ingredientId":{"$oid":"5884d9dfd569ee110066b071"},"name":"Random stuff","isRecipeLinkedToCategory":true,"checkedInCartShopping":true,"itemSelectedForShopping":true,"__v":0},{"_id":{"$oid":"59482f498866901100ec224e"},"recipeId":{"$oid":"588494e34983d9110010fc81"},"ingredientId":{"$oid":"58bbf4ac9608f21100758c9c"},"name":"Random stuff","isRecipeLinkedToCategory":true,"checkedInCartShopping":true,"itemSelectedForShopping":true,"__v":0},{"_id":{"$oid":"59482ff58866901100ec2250"},"recipeId":{"$oid":"59482fe58866901100ec224f"},"ingredientId":{"$oid":"589ded86267b2811000497ce"},"name":"Lentil stew","isRecipeLinkedToCategory":true,"checkedInCartShopping":true,"itemSelectedForShopping":true,"__v":0},{"_id":{"$oid":"594830038866901100ec2251"},"recipeId":{"$oid":"59482fe58866901100ec224f"},"ingredientId":{"$oid":"5895adf7d647fd1100f8aee7"},"name":"Lentil stew","isRecipeLinkedToCategory":true,"checkedInCartShopping":true,"itemSelectedForShopping":true,"__v":0},{"_id":{"$oid":"5b15b8d5f191ac11000b490b"},"recipeId":{"$oid":"5882480f7dd9431100f603a4"},"ingredientId":{"$oid":"59293ba6d28f4d1100f46f6f"},"name":"Brazilian's beans","isRecipeLinkedToCategory":false,"checkedInCartShopping":true,"itemSelectedForShopping":true,"__v":0}]
