[
    {
        "_id": {
            "$oid": "58824e987dd9431100f603a6"
        },
        "name": "Meat",
        "recipes": [
            {
                "$oid": "58824aef7dd9431100f603a5"
            },
            {
                "$oid": "5884aa7b7d5384110034e03f"
            },
            {
                "$oid": "5884ab927d5384110034e04b"
            },
            {
                "$oid": "588392be97dda011007e6f24"
            },
            {
                "$oid": "5884dc1cd569ee110066b0a2"
            },
            {
                "$oid": "58959749a5e1111100a0c7c7"
            },
            {
                "$oid": "5895ad5cd647fd1100f8aee1"
            },
            {
                "$oid": "589def3e267b2811000497d6"
            },
            {
                "$oid": "593d80c9d4e3d8110037c6cf"
            }
        ],
        "ingredients": [
            {
                "$oid": "58824e987dd9431100f603a7"
            },
            {
                "$oid": "5884aa9c7d5384110034e041"
            },
            {
                "$oid": "5884abf27d5384110034e04e"
            },
            {
                "$oid": "5884d790d569ee110066b066"
            },
            {
                "$oid": "5884dc50d569ee110066b0a5"
            },
            {
                "$oid": "5884dc63d569ee110066b0a7"
            },
            {
                "$oid": "58959774a5e1111100a0c7c8"
            },
            {
                "$oid": "5895adf7d647fd1100f8aee7"
            },
            {
                "$oid": "59293ddbd28f4d1100f46f71"
            }
        ],
        "__v": 17
    },
    {
        "_id": {
            "$oid": "5882551e7dd9431100f603aa"
        },
        "name": "Fish",
        "recipes": [
            {
                "$oid": "588254d07dd9431100f603a9"
            }
        ],
        "ingredients": [
            {
                "$oid": "5882551e7dd9431100f603ab"
            }
        ],
        "__v": 1
    },
    {
        "_id": {
            "$oid": "588256d27dd9431100f603ae"
        },
        "name": "Canned/Jarred",
        "recipes": [
            {
                "$oid": "5882566d7dd9431100f603ad"
            },
            {
                "$oid": "5884a86f7d5384110034e02c"
            },
            {
                "$oid": "5884d977d569ee110066b06a"
            },
            {
                "$oid": "5884dc1cd569ee110066b0a2"
            },
            {
                "$oid": "5884de83d569ee110066b0c5"
            },
            {
                "$oid": "588494e34983d9110010fc81"
            },
            {
                "$oid": "589ded4f267b2811000497cd"
            },
            {
                "$oid": "589df2bd267b2811000497d8"
            },
            {
                "$oid": "58bbf4179608f21100758c93"
            }
        ],
        "ingredients": [
            {
                "$oid": "588256d27dd9431100f603af"
            },
            {
                "$oid": "5884a8be7d5384110034e02e"
            },
            {
                "$oid": "5884a9697d5384110034e035"
            },
            {
                "$oid": "5884da22d569ee110066b076"
            },
            {
                "$oid": "5884dc3dd569ee110066b0a3"
            },
            {
                "$oid": "5884dea2d569ee110066b0c6"
            },
            {
                "$oid": "5884dedad569ee110066b0ca"
            },
            {
                "$oid": "5884e21fd569ee110066b0f4"
            },
            {
                "$oid": "5884e277d569ee110066b0fa"
            },
            {
                "$oid": "589dede0267b2811000497d0"
            },
            {
                "$oid": "589dedf4267b2811000497d2"
            },
            {
                "$oid": "589df35d267b2811000497df"
            },
            {
                "$oid": "589df454267b2811000497e2"
            },
            {
                "$oid": "589df4c8267b2811000497e6"
            },
            {
                "$oid": "589f4b1d89c18a11003e65f1"
            },
            {
                "$oid": "58a8214bb58ae41100efb004"
            },
            {
                "$oid": "58b0a79796304c110075d7e9"
            },
            {
                "$oid": "58bbf48f9608f21100758c9a"
            },
            {
                "$oid": "59293ba6d28f4d1100f46f6f"
            }
        ],
        "__v": 27
    },
    {
        "_id": {
            "$oid": "58825a487dd9431100f603b1"
        },
        "name": "Vegetable",
        "recipes": [
            {
                "$oid": "5882480f7dd9431100f603a4"
            },
            {
                "$oid": "58828da8e096511100fa0d51"
            },
            {
                "$oid": "58824aef7dd9431100f603a5"
            },
            {
                "$oid": "5884a86f7d5384110034e02c"
            },
            {
                "$oid": "5884aa7b7d5384110034e03f"
            },
            {
                "$oid": "5884ab927d5384110034e04b"
            },
            {
                "$oid": "588392be97dda011007e6f24"
            },
            {
                "$oid": "5884d977d569ee110066b06a"
            },
            {
                "$oid": "5884dc1cd569ee110066b0a2"
            },
            {
                "$oid": "5884dd45d569ee110066b0b2"
            },
            {
                "$oid": "5884df36d569ee110066b0cd"
            },
            {
                "$oid": "58959749a5e1111100a0c7c7"
            },
            {
                "$oid": "5895a545d647fd1100f8aecf"
            },
            {
                "$oid": "5895ad5cd647fd1100f8aee1"
            },
            {
                "$oid": "5895aef6d647fd1100f8aeef"
            },
            {
                "$oid": "589ded4f267b2811000497cd"
            },
            {
                "$oid": "589df2bd267b2811000497d8"
            },
            {
                "$oid": "5884de83d569ee110066b0c5"
            }
        ],
        "ingredients": [
            {
                "$oid": "58825a487dd9431100f603b2"
            },
            {
                "$oid": "58828e81e096511100fa0d53"
            },
            {
                "$oid": "5882b2a571d4451100314f74"
            },
            {
                "$oid": "5884a9017d5384110034e031"
            },
            {
                "$oid": "5884a9277d5384110034e033"
            },
            {
                "$oid": "5884aafd7d5384110034e045"
            },
            {
                "$oid": "5884ac0e7d5384110034e050"
            },
            {
                "$oid": "5884ac347d5384110034e053"
            },
            {
                "$oid": "5884ac507d5384110034e055"
            },
            {
                "$oid": "5884ac6e7d5384110034e057"
            },
            {
                "$oid": "5884ac847d5384110034e059"
            },
            {
                "$oid": "5884d7c1d569ee110066b068"
            },
            {
                "$oid": "5884d9b1d569ee110066b06e"
            },
            {
                "$oid": "5884dc76d569ee110066b0a9"
            },
            {
                "$oid": "5884dca2d569ee110066b0ad"
            },
            {
                "$oid": "5884ddafd569ee110066b0bf"
            },
            {
                "$oid": "5884df5cd569ee110066b0ce"
            },
            {
                "$oid": "5895979fa5e1111100a0c7ce"
            },
            {
                "$oid": "5895a59ad647fd1100f8aed9"
            },
            {
                "$oid": "5895ad99d647fd1100f8aee3"
            },
            {
                "$oid": "5895af1ad647fd1100f8aef0"
            },
            {
                "$oid": "589ded86267b2811000497ce"
            },
            {
                "$oid": "589dee39267b2811000497d4"
            },
            {
                "$oid": "589df338267b2811000497dd"
            },
            {
                "$oid": "58a81e93b58ae41100efaff9"
            },
            {
                "$oid": "58a821fab58ae41100efb009"
            }
        ],
        "__v": 43
    },
    {
        "_id": {
            "$oid": "58828ec3e096511100fa0d56"
        },
        "name": "Snack",
        "recipes": [
            {
                "$oid": "58828da8e096511100fa0d51"
            },
            {
                "$oid": "58824aef7dd9431100f603a5"
            },
            {
                "$oid": "5884ab927d5384110034e04b"
            }
        ],
        "ingredients": [
            {
                "$oid": "58828ec3e096511100fa0d57"
            },
            {
                "$oid": "5884abca7d5384110034e04c"
            }
        ],
        "__v": 4
    },
    {
        "_id": {
            "$oid": "5884a9c37d5384110034e037"
        },
        "name": "Beverage",
        "recipes": [
            {
                "$oid": "5884a86f7d5384110034e02c"
            },
            {
                "$oid": "588494e34983d9110010fc81"
            },
            {
                "$oid": "5895ad5cd647fd1100f8aee1"
            }
        ],
        "ingredients": [
            {
                "$oid": "5884a9c37d5384110034e038"
            },
            {
                "$oid": "5884e0bbd569ee110066b0dd"
            },
            {
                "$oid": "5884e0d3d569ee110066b0df"
            },
            {
                "$oid": "5884e208d569ee110066b0f2"
            },
            {
                "$oid": "5895adb7d647fd1100f8aee5"
            }
        ],
        "__v": 7
    },
    {
        "_id": {
            "$oid": "5884a9f97d5384110034e03a"
        },
        "name": "Dairy",
        "recipes": [
            {
                "$oid": "5884a86f7d5384110034e02c"
            },
            {
                "$oid": "5884aa7b7d5384110034e03f"
            },
            {
                "$oid": "5884d977d569ee110066b06a"
            },
            {
                "$oid": "5884da7fd569ee110066b078"
            },
            {
                "$oid": "5884dc1cd569ee110066b0a2"
            },
            {
                "$oid": "5884df36d569ee110066b0cd"
            },
            {
                "$oid": "588494e34983d9110010fc81"
            },
            {
                "$oid": "5895a545d647fd1100f8aecf"
            },
            {
                "$oid": "5882566d7dd9431100f603ad"
            }
        ],
        "ingredients": [
            {
                "$oid": "5884a9f97d5384110034e03b"
            },
            {
                "$oid": "5884aa197d5384110034e03d"
            },
            {
                "$oid": "5884aac37d5384110034e043"
            },
            {
                "$oid": "5884d9dfd569ee110066b071"
            },
            {
                "$oid": "5884dad1d569ee110066b07a"
            },
            {
                "$oid": "5884dce5d569ee110066b0af"
            },
            {
                "$oid": "5884df76d569ee110066b0d0"
            },
            {
                "$oid": "5884e18ad569ee110066b0e7"
            },
            {
                "$oid": "5884e435d569ee110066b0fc"
            },
            {
                "$oid": "5895a64cd647fd1100f8aedb"
            },
            {
                "$oid": "58bbf32c9608f21100758c8e"
            },
            {
                "$oid": "58bbf62c9608f21100758ca5"
            },
            {
                "$oid": "59482d718866901100ec224b"
            }
        ],
        "__v": 21
    },
    {
        "_id": {
            "$oid": "5884ab497d5384110034e048"
        },
        "name": "Other",
        "recipes": [
            {
                "$oid": "5884aa7b7d5384110034e03f"
            },
            {
                "$oid": "5884dc1cd569ee110066b0a2"
            },
            {
                "$oid": "5895ad5cd647fd1100f8aee1"
            },
            {
                "$oid": "5895aef6d647fd1100f8aeef"
            },
            {
                "$oid": "588494e34983d9110010fc81"
            },
            {
                "$oid": "593d80c9d4e3d8110037c6cf"
            }
        ],
        "ingredients": [
            {
                "$oid": "5884ab497d5384110034e049"
            },
            {
                "$oid": "5884dc8ad569ee110066b0ab"
            },
            {
                "$oid": "5895ae4dd647fd1100f8aeed"
            },
            {
                "$oid": "5895af30d647fd1100f8aef2"
            },
            {
                "$oid": "58b0a77c96304c110075d7e7"
            },
            {
                "$oid": "593d8181d4e3d8110037c6d3"
            }
        ],
        "__v": 11
    },
    {
        "_id": {
            "$oid": "5884acab7d5384110034e05c"
        },
        "name": "Spices",
        "recipes": [
            {
                "$oid": "5884ab927d5384110034e04b"
            },
            {
                "$oid": "5884dd45d569ee110066b0b2"
            },
            {
                "$oid": "588494e34983d9110010fc81"
            },
            {
                "$oid": "589df2bd267b2811000497d8"
            },
            {
                "$oid": "589debe8267b2811000497cc"
            }
        ],
        "ingredients": [
            {
                "$oid": "5884acab7d5384110034e05d"
            },
            {
                "$oid": "5884ddead569ee110066b0c1"
            },
            {
                "$oid": "5884de20d569ee110066b0c3"
            },
            {
                "$oid": "5884e23dd569ee110066b0f6"
            },
            {
                "$oid": "589df4f4267b2811000497e8"
            },
            {
                "$oid": "589df6f5267b2811000497ea"
            },
            {
                "$oid": "589df962267b2811000497f3"
            }
        ],
        "__v": 11
    },
    {
        "_id": {
            "$oid": "5884ceabd569ee110066b05c"
        },
        "name": "Toiletries",
        "recipes": [
            {
                "$oid": "588494e34983d9110010fc81"
            }
        ],
        "ingredients": [
            {
                "$oid": "5884ceabd569ee110066b05d"
            },
            {
                "$oid": "5884cfffd569ee110066b05f"
            },
            {
                "$oid": "5884dfeed569ee110066b0d5"
            },
            {
                "$oid": "5884e1dfd569ee110066b0ee"
            },
            {
                "$oid": "5895bbe4d647fd1100f8af06"
            },
            {
                "$oid": "589de934267b2811000497c9"
            },
            {
                "$oid": "59293b5fd28f4d1100f46f6b"
            },
            {
                "$oid": "59293b7ad28f4d1100f46f6d"
            },
            {
                "$oid": "59482d438866901100ec2249"
            }
        ],
        "__v": 9
    },
    {
        "_id": {
            "$oid": "5884d06cd569ee110066b061"
        },
        "name": "Cleaning",
        "recipes": [
            {
                "$oid": "588494e34983d9110010fc81"
            }
        ],
        "ingredients": [
            {
                "$oid": "5884d06cd569ee110066b062"
            },
            {
                "$oid": "5884d0c0d569ee110066b064"
            },
            {
                "$oid": "5884e09fd569ee110066b0db"
            },
            {
                "$oid": "58a043dd3f223f1100d720f6"
            },
            {
                "$oid": "58bbf5a69608f21100758ca0"
            },
            {
                "$oid": "59293ea9d28f4d1100f46f74"
            }
        ],
        "__v": 6
    },
    {
        "_id": {
            "$oid": "5884d9ffd569ee110066b073"
        },
        "name": "Baking",
        "recipes": [
            {
                "$oid": "5884d977d569ee110066b06a"
            },
            {
                "$oid": "5884da7fd569ee110066b078"
            },
            {
                "$oid": "588494e34983d9110010fc81"
            },
            {
                "$oid": "589debe8267b2811000497cc"
            },
            {
                "$oid": "58bbf4179608f21100758c93"
            }
        ],
        "ingredients": [
            {
                "$oid": "5884d9ffd569ee110066b074"
            },
            {
                "$oid": "5884db0cd569ee110066b07f"
            },
            {
                "$oid": "5884e00ad569ee110066b0d8"
            },
            {
                "$oid": "5884e1cfd569ee110066b0ec"
            },
            {
                "$oid": "5884e1f4d569ee110066b0f0"
            },
            {
                "$oid": "5895b7fdd647fd1100f8aefe"
            },
            {
                "$oid": "58bbf4ac9608f21100758c9c"
            },
            {
                "$oid": "58bbf6079608f21100758ca3"
            }
        ],
        "__v": 12
    },
    {
        "_id": {
            "$oid": "5884daf0d569ee110066b07c"
        },
        "name": "Colds",
        "recipes": [
            {
                "$oid": "5884da7fd569ee110066b078"
            }
        ],
        "ingredients": [
            {
                "$oid": "5884daf1d569ee110066b07d"
            }
        ],
        "__v": 1
    },
    {
        "_id": {
            "$oid": "5884db34d569ee110066b081"
        },
        "name": "Fruits",
        "recipes": [
            {
                "$oid": "5884da7fd569ee110066b078"
            },
            {
                "$oid": "5884de83d569ee110066b0c5"
            },
            {
                "$oid": "588494e34983d9110010fc81"
            },
            {
                "$oid": "589debe8267b2811000497cc"
            }
        ],
        "ingredients": [
            {
                "$oid": "5884db34d569ee110066b082"
            },
            {
                "$oid": "5884deb7d569ee110066b0c8"
            },
            {
                "$oid": "5884e250d569ee110066b0f8"
            },
            {
                "$oid": "5895b66dd647fd1100f8aefb"
            },
            {
                "$oid": "589df8f7267b2811000497ef"
            }
        ],
        "__v": 8
    },
    {
        "_id": {
            "$oid": "5884e114d569ee110066b0e1"
        },
        "name": "Breakfast",
        "recipes": [
            {
                "$oid": "588494e34983d9110010fc81"
            }
        ],
        "ingredients": [
            {
                "$oid": "5884e114d569ee110066b0e2"
            },
            {
                "$oid": "5884e15ed569ee110066b0e5"
            },
            {
                "$oid": "5884e1aad569ee110066b0ea"
            },
            {
                "$oid": "58b0a7d896304c110075d7ec"
            }
        ],
        "__v": 4
    },
    {
        "_id": {
            "$oid": "589df2f3267b2811000497d9"
        },
        "name": "Pasta",
        "recipes": [
            {
                "$oid": "589df2bd267b2811000497d8"
            }
        ],
        "ingredients": [
            {
                "$oid": "589df2f3267b2811000497da"
            }
        ],
        "__v": 1
    }
]