[
    {
        "_id": {
            "$oid": "58824e987dd9431100f603a7"
        },
        "name": "Chicken",
        "_creator": {
            "$oid": "58824e987dd9431100f603a6"
        },
        "checkedInCartShopping": false,
        "attributes": [
            {
                "$oid": "58824e987dd9431100f603a8"
            },
            {
                "$oid": "58828dc1e096511100fa0d52"
            },
            {
                "$oid": "5884aa837d5384110034e040"
            }
        ],
        "tempRecipeLinkIndicator": true,
        "updateCheckDate": {
            "$date": "2017-01-20T17:53:28.962Z"
        },
        "expiryDate": {
            "$date": "2017-01-20T17:53:28.962Z"
        },
        "__v": 3
    },
    {
        "_id": {
            "$oid": "5882551e7dd9431100f603ab"
        },
        "name": "Cod",
        "_creator": {
            "$oid": "5882551e7dd9431100f603aa"
        },
        "checkedInCartShopping": false,
        "attributes": [
            {
                "$oid": "5882551e7dd9431100f603ac"
            },
            {
                "$oid": "58825a4f7dd9431100f603b4"
            }
        ],
        "tempRecipeLinkIndicator": true,
        "updateCheckDate": {
            "$date": "2017-01-20T18:21:18.848Z"
        },
        "expiryDate": {
            "$date": "2017-01-20T18:21:18.848Z"
        },
        "__v": 2
    },
    {
        "_id": {
            "$oid": "588256d27dd9431100f603af"
        },
        "name": "Pesto",
        "_creator": {
            "$oid": "588256d27dd9431100f603ae"
        },
        "checkedInCartShopping": false,
        "attributes": [
            {
                "$oid": "588256d27dd9431100f603b0"
            },
            {
                "$oid": "58959818a5e1111100a0c7d5"
            }
        ],
        "tempRecipeLinkIndicator": true,
        "updateCheckDate": {
            "$date": "2017-01-20T18:28:34.607Z"
        },
        "expiryDate": {
            "$date": "2017-01-20T18:28:34.607Z"
        },
        "__v": 2
    },
    {
        "_id": {
            "$oid": "58825a487dd9431100f603b2"
        },
        "name": "Onion",
        "_creator": {
            "$oid": "58825a487dd9431100f603b1"
        },
        "checkedInCartShopping": false,
        "attributes": [
            {
                "$oid": "58825a487dd9431100f603b3"
            },
            {
                "$oid": "58828e8ee096511100fa0d55"
            },
            {
                "$oid": "5884a8ec7d5384110034e030"
            },
            {
                "$oid": "5884ab107d5384110034e047"
            },
            {
                "$oid": "5884ac8b7d5384110034e05b"
            },
            {
                "$oid": "5884db8ed569ee110066b09e"
            },
            {
                "$oid": "5884dcf4d569ee110066b0b1"
            },
            {
                "$oid": "5884dd5fd569ee110066b0b4"
            },
            {
                "$oid": "5884df85d569ee110066b0d3"
            },
            {
                "$oid": "58959783a5e1111100a0c7cb"
            },
            {
                "$oid": "5895a571d647fd1100f8aed6"
            },
            {
                "$oid": "5895ae17d647fd1100f8aeeb"
            },
            {
                "$oid": "5895af5fd647fd1100f8aef9"
            },
            {
                "$oid": "5895bb51d647fd1100f8af05"
            },
            {
                "$oid": "589def50267b2811000497d7"
            },
            {
                "$oid": "589df936267b2811000497f2"
            },
            {
                "$oid": "593d812dd4e3d8110037c6d2"
            }
        ],
        "tempRecipeLinkIndicator": true,
        "updateCheckDate": {
            "$date": "2017-01-20T18:43:20.169Z"
        },
        "expiryDate": {
            "$date": "2017-01-20T18:43:20.169Z"
        },
        "__v": 17
    },
    {
        "_id": {
            "$oid": "58828e81e096511100fa0d53"
        },
        "name": "Mushrooms",
        "_creator": {
            "$oid": "58825a487dd9431100f603b1"
        },
        "checkedInCartShopping": false,
        "attributes": [
            {
                "$oid": "58828e81e096511100fa0d54"
            },
            {
                "$oid": "5884a87d7d5384110034e02d"
            },
            {
                "$oid": "5884dd5fd569ee110066b0b5"
            },
            {
                "$oid": "5895a572d647fd1100f8aed7"
            }
        ],
        "tempRecipeLinkIndicator": false,
        "updateCheckDate": {
            "$date": "2017-01-20T22:26:09.202Z"
        },
        "expiryDate": {
            "$date": "2017-01-20T22:26:09.202Z"
        },
        "__v": 4
    },
    {
        "_id": {
            "$oid": "58828ec3e096511100fa0d57"
        },
        "name": "Batata palha",
        "_creator": {
            "$oid": "58828ec3e096511100fa0d56"
        },
        "checkedInCartShopping": false,
        "attributes": [
            {
                "$oid": "58828ec3e096511100fa0d58"
            }
        ],
        "tempRecipeLinkIndicator": false,
        "updateCheckDate": {
            "$date": "2017-01-20T22:27:15.248Z"
        },
        "expiryDate": {
            "$date": "2017-01-20T22:27:15.248Z"
        },
        "__v": 1
    },
    {
        "_id": {
            "$oid": "5882b2a571d4451100314f74"
        },
        "name": "Garlic",
        "_creator": {
            "$oid": "58825a487dd9431100f603b1"
        },
        "checkedInCartShopping": false,
        "attributes": [
            {
                "$oid": "5882b2a571d4451100314f75"
            },
            {
                "$oid": "58a820c6b58ae41100efb001"
            }
        ],
        "tempRecipeLinkIndicator": true,
        "updateCheckDate": {
            "$date": "2017-01-21T01:00:21.804Z"
        },
        "expiryDate": {
            "$date": "2017-01-21T01:00:21.804Z"
        },
        "__v": 2
    },
    {
        "_id": {
            "$oid": "5884a8be7d5384110034e02e"
        },
        "name": "Risotto rice",
        "_creator": {
            "$oid": "588256d27dd9431100f603ae"
        },
        "checkedInCartShopping": false,
        "attributes": [
            {
                "$oid": "5884a8be7d5384110034e02f"
            }
        ],
        "tempRecipeLinkIndicator": true,
        "updateCheckDate": {
            "$date": "2017-01-22T12:42:38.097Z"
        },
        "expiryDate": {
            "$date": "2017-01-22T12:42:38.097Z"
        },
        "__v": 1
    },
    {
        "_id": {
            "$oid": "5884a9017d5384110034e031"
        },
        "name": "Green beans",
        "_creator": {
            "$oid": "58825a487dd9431100f603b1"
        },
        "checkedInCartShopping": false,
        "attributes": [
            {
                "$oid": "5884a9017d5384110034e032"
            },
            {
                "$oid": "58a82096b58ae41100efafff"
            },
            {
                "$oid": "58bbf43d9608f21100758c95"
            }
        ],
        "tempRecipeLinkIndicator": true,
        "updateCheckDate": {
            "$date": "2017-01-22T12:43:45.025Z"
        },
        "expiryDate": {
            "$date": "2017-01-22T12:43:45.025Z"
        },
        "__v": 3
    },
    {
        "_id": {
            "$oid": "5884a9277d5384110034e033"
        },
        "name": "Baby sweet corn",
        "_creator": {
            "$oid": "58825a487dd9431100f603b1"
        },
        "checkedInCartShopping": false,
        "attributes": [
            {
                "$oid": "5884a9277d5384110034e034"
            }
        ],
        "tempRecipeLinkIndicator": true,
        "updateCheckDate": {
            "$date": "2017-01-22T12:44:23.150Z"
        },
        "expiryDate": {
            "$date": "2017-01-22T12:44:23.150Z"
        },
        "__v": 1
    },
    {
        "_id": {
            "$oid": "5884a9697d5384110034e035"
        },
        "name": "Veg stock",
        "_creator": {
            "$oid": "588256d27dd9431100f603ae"
        },
        "checkedInCartShopping": false,
        "attributes": [
            {
                "$oid": "5884a9697d5384110034e036"
            },
            {
                "$oid": "5895ae12d647fd1100f8aeea"
            },
            {
                "$oid": "58a821abb58ae41100efb008"
            }
        ],
        "tempRecipeLinkIndicator": true,
        "updateCheckDate": {
            "$date": "2017-01-22T12:45:29.525Z"
        },
        "expiryDate": {
            "$date": "2017-01-22T12:45:29.525Z"
        },
        "__v": 3
    },
    {
        "_id": {
            "$oid": "5884a9c37d5384110034e038"
        },
        "name": "Beer",
        "_creator": {
            "$oid": "5884a9c37d5384110034e037"
        },
        "checkedInCartShopping": false,
        "attributes": [
            {
                "$oid": "5884a9c37d5384110034e039"
            },
            {
                "$oid": "589dfb9f267b2811000497f6"
            }
        ],
        "tempRecipeLinkIndicator": true,
        "updateCheckDate": {
            "$date": "2017-01-22T12:46:59.905Z"
        },
        "expiryDate": {
            "$date": "2017-01-22T12:46:59.905Z"
        },
        "__v": 2
    },
    {
        "_id": {
            "$oid": "5884a9f97d5384110034e03b"
        },
        "name": "Parmesan cheese",
        "_creator": {
            "$oid": "5884a9f97d5384110034e03a"
        },
        "checkedInCartShopping": false,
        "attributes": [
            {
                "$oid": "5884a9f97d5384110034e03c"
            },
            {
                "$oid": "5884d983d569ee110066b06b"
            },
            {
                "$oid": "5884db89d569ee110066b09d"
            },
            {
                "$oid": "5884dd79d569ee110066b0bc"
            },
            {
                "$oid": "5895a718d647fd1100f8aedf"
            },
            {
                "$oid": "5895af50d647fd1100f8aef6"
            }
        ],
        "tempRecipeLinkIndicator": true,
        "updateCheckDate": {
            "$date": "2017-01-22T12:47:53.976Z"
        },
        "expiryDate": {
            "$date": "2017-01-22T12:47:53.976Z"
        },
        "__v": 6
    },
    {
        "_id": {
            "$oid": "5884aa197d5384110034e03d"
        },
        "name": "Butter",
        "_creator": {
            "$oid": "5884a9f97d5384110034e03a"
        },
        "checkedInCartShopping": false,
        "attributes": [
            {
                "$oid": "5884aa197d5384110034e03e"
            },
            {
                "$oid": "5884d987d569ee110066b06c"
            }
        ],
        "tempRecipeLinkIndicator": true,
        "updateCheckDate": {
            "$date": "2017-01-22T12:48:25.378Z"
        },
        "expiryDate": {
            "$date": "2017-01-22T12:48:25.378Z"
        },
        "__v": 2
    },
    {
        "_id": {
            "$oid": "5884aa9c7d5384110034e041"
        },
        "name": "Chicken breast",
        "_creator": {
            "$oid": "58824e987dd9431100f603a6"
        },
        "checkedInCartShopping": false,
        "attributes": [
            {
                "$oid": "5884aa9c7d5384110034e042"
            },
            {
                "$oid": "5884da9ed569ee110066b079"
            },
            {
                "$oid": "5884dd73d569ee110066b0ba"
            },
            {
                "$oid": "5895af4ad647fd1100f8aef5"
            },
            {
                "$oid": "58a820edb58ae41100efb002"
            },
            {
                "$oid": "58bbf4309608f21100758c94"
            }
        ],
        "tempRecipeLinkIndicator": true,
        "updateCheckDate": {
            "$date": "2017-01-22T12:50:36.750Z"
        },
        "expiryDate": {
            "$date": "2017-01-22T12:50:36.750Z"
        },
        "__v": 6
    },
    {
        "_id": {
            "$oid": "5884aac37d5384110034e043"
        },
        "name": "Cheddar cheese",
        "_creator": {
            "$oid": "5884a9f97d5384110034e03a"
        },
        "checkedInCartShopping": false,
        "attributes": [
            {
                "$oid": "5884aac37d5384110034e044"
            },
            {
                "$oid": "5884dd7ad569ee110066b0bd"
            },
            {
                "$oid": "5895a715d647fd1100f8aedd"
            },
            {
                "$oid": "5895b884d647fd1100f8af00"
            }
        ],
        "tempRecipeLinkIndicator": true,
        "updateCheckDate": {
            "$date": "2017-01-22T12:51:15.209Z"
        },
        "expiryDate": {
            "$date": "2017-01-22T12:51:15.209Z"
        },
        "__v": 4
    },
    {
        "_id": {
            "$oid": "5884aafd7d5384110034e045"
        },
        "name": "Pepper",
        "_creator": {
            "$oid": "58825a487dd9431100f603b1"
        },
        "checkedInCartShopping": false,
        "attributes": [
            {
                "$oid": "5884aafd7d5384110034e046"
            },
            {
                "$oid": "5884dd61d569ee110066b0b6"
            },
            {
                "$oid": "5895a575d647fd1100f8aed8"
            },
            {
                "$oid": "5895bb4dd647fd1100f8af04"
            },
            {
                "$oid": "589df31c267b2811000497dc"
            }
        ],
        "tempRecipeLinkIndicator": true,
        "updateCheckDate": {
            "$date": "2017-01-22T12:52:13.675Z"
        },
        "expiryDate": {
            "$date": "2017-01-22T12:52:13.675Z"
        },
        "__v": 5
    },
    {
        "_id": {
            "$oid": "5884ab497d5384110034e049"
        },
        "name": "Flour tortillas",
        "_creator": {
            "$oid": "5884ab497d5384110034e048"
        },
        "checkedInCartShopping": false,
        "attributes": [
            {
                "$oid": "5884ab497d5384110034e04a"
            }
        ],
        "tempRecipeLinkIndicator": true,
        "updateCheckDate": {
            "$date": "2017-01-22T12:53:29.843Z"
        },
        "expiryDate": {
            "$date": "2017-01-22T12:53:29.843Z"
        },
        "__v": 1
    },
    {
        "_id": {
            "$oid": "5884abca7d5384110034e04c"
        },
        "name": "Healthy biscuits",
        "_creator": {
            "$oid": "58828ec3e096511100fa0d56"
        },
        "checkedInCartShopping": false,
        "attributes": [
            {
                "$oid": "5884abca7d5384110034e04d"
            }
        ],
        "tempRecipeLinkIndicator": true,
        "updateCheckDate": {
            "$date": "2017-01-22T12:55:38.041Z"
        },
        "expiryDate": {
            "$date": "2017-01-22T12:55:38.041Z"
        },
        "__v": 1
    },
    {
        "_id": {
            "$oid": "5884abf27d5384110034e04e"
        },
        "name": "Smoked round pork",
        "_creator": {
            "$oid": "58824e987dd9431100f603a6"
        },
        "checkedInCartShopping": false,
        "attributes": [
            {
                "$oid": "5884abf27d5384110034e04f"
            },
            {
                "$oid": "5884d98cd569ee110066b06d"
            },
            {
                "$oid": "5895a56bd647fd1100f8aed3"
            }
        ],
        "tempRecipeLinkIndicator": true,
        "updateCheckDate": {
            "$date": "2017-01-22T12:56:18.425Z"
        },
        "expiryDate": {
            "$date": "2017-01-22T12:56:18.425Z"
        },
        "__v": 3
    },
    {
        "_id": {
            "$oid": "5884ac0e7d5384110034e050"
        },
        "name": "Potatoes",
        "_creator": {
            "$oid": "58825a487dd9431100f603b1"
        },
        "checkedInCartShopping": false,
        "attributes": [
            {
                "$oid": "5884ac0e7d5384110034e051"
            },
            {
                "$oid": "5884db93d569ee110066b0a0"
            },
            {
                "$oid": "5895bb4bd647fd1100f8af03"
            },
            {
                "$oid": "58b09d9a96304c110075d7e6"
            },
            {
                "$oid": "58bbf5389608f21100758c9f"
            }
        ],
        "tempRecipeLinkIndicator": true,
        "updateCheckDate": {
            "$date": "2017-01-22T12:56:46.617Z"
        },
        "expiryDate": {
            "$date": "2017-01-22T12:56:46.617Z"
        },
        "__v": 5
    },
    {
        "_id": {
            "$oid": "5884ac347d5384110034e053"
        },
        "name": "Sweet potato",
        "_creator": {
            "$oid": "58825a487dd9431100f603b1"
        },
        "checkedInCartShopping": false,
        "attributes": [
            {
                "$oid": "5884ac347d5384110034e054"
            },
            {
                "$oid": "5884dd64d569ee110066b0b7"
            },
            {
                "$oid": "58a82165b58ae41100efb006"
            }
        ],
        "tempRecipeLinkIndicator": true,
        "updateCheckDate": {
            "$date": "2017-01-22T12:57:24.694Z"
        },
        "expiryDate": {
            "$date": "2017-01-22T12:57:24.694Z"
        },
        "__v": 3
    },
    {
        "_id": {
            "$oid": "5884ac507d5384110034e055"
        },
        "name": "Shallots",
        "_creator": {
            "$oid": "58825a487dd9431100f603b1"
        },
        "checkedInCartShopping": false,
        "attributes": [
            {
                "$oid": "5884ac507d5384110034e056"
            }
        ],
        "tempRecipeLinkIndicator": true,
        "updateCheckDate": {
            "$date": "2017-01-22T12:57:52.099Z"
        },
        "expiryDate": {
            "$date": "2017-01-22T12:57:52.099Z"
        },
        "__v": 1
    },
    {
        "_id": {
            "$oid": "5884ac6e7d5384110034e057"
        },
        "name": "Parsnip",
        "_creator": {
            "$oid": "58825a487dd9431100f603b1"
        },
        "checkedInCartShopping": false,
        "attributes": [
            {
                "$oid": "5884ac6e7d5384110034e058"
            },
            {
                "$oid": "5895ae23d647fd1100f8aeec"
            },
            {
                "$oid": "58bbf34c9608f21100758c90"
            }
        ],
        "tempRecipeLinkIndicator": true,
        "updateCheckDate": {
            "$date": "2017-01-22T12:58:22.327Z"
        },
        "expiryDate": {
            "$date": "2017-01-22T12:58:22.327Z"
        },
        "__v": 3
    },
    {
        "_id": {
            "$oid": "5884ac847d5384110034e059"
        },
        "name": "Carrots",
        "_creator": {
            "$oid": "58825a487dd9431100f603b1"
        },
        "checkedInCartShopping": false,
        "attributes": [
            {
                "$oid": "5884ac847d5384110034e05a"
            },
            {
                "$oid": "5884db91d569ee110066b09f"
            },
            {
                "$oid": "5884dd66d569ee110066b0b8"
            },
            {
                "$oid": "5895978ca5e1111100a0c7cd"
            },
            {
                "$oid": "58a8218eb58ae41100efb007"
            },
            {
                "$oid": "58bbf43e9608f21100758c96"
            }
        ],
        "tempRecipeLinkIndicator": true,
        "updateCheckDate": {
            "$date": "2017-01-22T12:58:44.192Z"
        },
        "expiryDate": {
            "$date": "2017-01-22T12:58:44.192Z"
        },
        "__v": 6
    },
    {
        "_id": {
            "$oid": "5884acab7d5384110034e05d"
        },
        "name": "Allspices",
        "_creator": {
            "$oid": "5884acab7d5384110034e05c"
        },
        "checkedInCartShopping": false,
        "attributes": [
            {
                "$oid": "5884acab7d5384110034e05e"
            }
        ],
        "tempRecipeLinkIndicator": true,
        "updateCheckDate": {
            "$date": "2017-01-22T12:59:23.467Z"
        },
        "expiryDate": {
            "$date": "2017-01-22T12:59:23.467Z"
        },
        "__v": 1
    },
    {
        "_id": {
            "$oid": "5884ceabd569ee110066b05d"
        },
        "name": "Desodorant",
        "_creator": {
            "$oid": "5884ceabd569ee110066b05c"
        },
        "checkedInCartShopping": false,
        "attributes": [
            {
                "$oid": "5884ceabd569ee110066b05e"
            }
        ],
        "tempRecipeLinkIndicator": true,
        "updateCheckDate": {
            "$date": "2017-01-22T15:24:27.404Z"
        },
        "expiryDate": {
            "$date": "2017-01-22T15:24:27.404Z"
        },
        "__v": 1
    },
    {
        "_id": {
            "$oid": "5884cfffd569ee110066b05f"
        },
        "name": "Soap",
        "_creator": {
            "$oid": "5884ceabd569ee110066b05c"
        },
        "checkedInCartShopping": false,
        "attributes": [
            {
                "$oid": "5884cfffd569ee110066b060"
            }
        ],
        "tempRecipeLinkIndicator": true,
        "updateCheckDate": {
            "$date": "2017-01-22T15:30:07.516Z"
        },
        "expiryDate": {
            "$date": "2017-01-22T15:30:07.516Z"
        },
        "__v": 1
    },
    {
        "_id": {
            "$oid": "5884d06cd569ee110066b062"
        },
        "name": "Washing up Liquid",
        "_creator": {
            "$oid": "5884d06cd569ee110066b061"
        },
        "checkedInCartShopping": false,
        "attributes": [
            {
                "$oid": "5884d06cd569ee110066b063"
            },
            {
                "$oid": "5895a56ad647fd1100f8aed2"
            }
        ],
        "tempRecipeLinkIndicator": true,
        "updateCheckDate": {
            "$date": "2017-01-22T15:31:56.149Z"
        },
        "expiryDate": {
            "$date": "2017-01-22T15:31:56.149Z"
        },
        "__v": 2
    },
    {
        "_id": {
            "$oid": "5884d0c0d569ee110066b064"
        },
        "name": "Anti Grease",
        "_creator": {
            "$oid": "5884d06cd569ee110066b061"
        },
        "checkedInCartShopping": false,
        "attributes": [
            {
                "$oid": "5884d0c0d569ee110066b065"
            }
        ],
        "tempRecipeLinkIndicator": true,
        "updateCheckDate": {
            "$date": "2017-01-22T15:33:20.114Z"
        },
        "expiryDate": {
            "$date": "2017-01-22T15:33:20.114Z"
        },
        "__v": 1
    },
    {
        "_id": {
            "$oid": "5884d790d569ee110066b066"
        },
        "name": "Pork Mince",
        "_creator": {
            "$oid": "58824e987dd9431100f603a6"
        },
        "checkedInCartShopping": false,
        "attributes": [
            {
                "$oid": "5884d790d569ee110066b067"
            }
        ],
        "tempRecipeLinkIndicator": false,
        "updateCheckDate": {
            "$date": "2017-01-22T16:02:24.296Z"
        },
        "expiryDate": {
            "$date": "2017-01-22T16:02:24.295Z"
        },
        "__v": 1
    },
    {
        "_id": {
            "$oid": "5884d7c1d569ee110066b068"
        },
        "name": "Sweet potatoes",
        "_creator": {
            "$oid": "58825a487dd9431100f603b1"
        },
        "checkedInCartShopping": false,
        "attributes": [
            {
                "$oid": "5884d7c1d569ee110066b069"
            }
        ],
        "tempRecipeLinkIndicator": true,
        "updateCheckDate": {
            "$date": "2017-01-22T16:03:13.804Z"
        },
        "expiryDate": {
            "$date": "2017-01-22T16:03:13.804Z"
        },
        "__v": 1
    },
    {
        "_id": {
            "$oid": "5884d9b1d569ee110066b06e"
        },
        "name": "Leek",
        "_creator": {
            "$oid": "58825a487dd9431100f603b1"
        },
        "checkedInCartShopping": false,
        "attributes": [
            {
                "$oid": "5884d9b1d569ee110066b06f"
            }
        ],
        "tempRecipeLinkIndicator": true,
        "updateCheckDate": {
            "$date": "2017-01-22T16:11:29.250Z"
        },
        "expiryDate": {
            "$date": "2017-01-22T16:11:29.250Z"
        },
        "__v": 1
    },
    {
        "_id": {
            "$oid": "5884d9dfd569ee110066b071"
        },
        "name": "Milk",
        "_creator": {
            "$oid": "5884a9f97d5384110034e03a"
        },
        "checkedInCartShopping": false,
        "attributes": [
            {
                "$oid": "5884d9dfd569ee110066b072"
            },
            {
                "$oid": "5895a716d647fd1100f8aede"
            },
            {
                "$oid": "5895af52d647fd1100f8aef7"
            },
            {
                "$oid": "59482d948866901100ec224d"
            }
        ],
        "tempRecipeLinkIndicator": true,
        "updateCheckDate": {
            "$date": "2017-01-22T16:12:15.772Z"
        },
        "expiryDate": {
            "$date": "2017-01-22T16:12:15.772Z"
        },
        "__v": 4
    },
    {
        "_id": {
            "$oid": "5884d9ffd569ee110066b074"
        },
        "name": "Flour - Whole",
        "_creator": {
            "$oid": "5884d9ffd569ee110066b073"
        },
        "checkedInCartShopping": false,
        "attributes": [
            {
                "$oid": "5884d9ffd569ee110066b075"
            },
            {
                "$oid": "5884dba5d569ee110066b0a1"
            },
            {
                "$oid": "5895af84d647fd1100f8aefa"
            },
            {
                "$oid": "589df86b267b2811000497ec"
            }
        ],
        "tempRecipeLinkIndicator": true,
        "updateCheckDate": {
            "$date": "2017-01-22T16:12:47.207Z"
        },
        "expiryDate": {
            "$date": "2017-01-22T16:12:47.207Z"
        },
        "__v": 4
    },
    {
        "_id": {
            "$oid": "5884da22d569ee110066b076"
        },
        "name": "Macarroni pasta",
        "_creator": {
            "$oid": "588256d27dd9431100f603ae"
        },
        "checkedInCartShopping": false,
        "attributes": [
            {
                "$oid": "5884da22d569ee110066b077"
            }
        ],
        "tempRecipeLinkIndicator": true,
        "updateCheckDate": {
            "$date": "2017-01-22T16:13:22.414Z"
        },
        "expiryDate": {
            "$date": "2017-01-22T16:13:22.414Z"
        },
        "__v": 1
    },
    {
        "_id": {
            "$oid": "5884dad1d569ee110066b07a"
        },
        "name": "Gouda cheese",
        "_creator": {
            "$oid": "5884a9f97d5384110034e03a"
        },
        "checkedInCartShopping": false,
        "attributes": [
            {
                "$oid": "5884dad1d569ee110066b07b"
            },
            {
                "$oid": "58959803a5e1111100a0c7d3"
            }
        ],
        "tempRecipeLinkIndicator": true,
        "updateCheckDate": {
            "$date": "2017-01-22T16:16:17.670Z"
        },
        "expiryDate": {
            "$date": "2017-01-22T16:16:17.670Z"
        },
        "__v": 2
    },
    {
        "_id": {
            "$oid": "5884daf1d569ee110066b07d"
        },
        "name": "Ham",
        "_creator": {
            "$oid": "5884daf0d569ee110066b07c"
        },
        "checkedInCartShopping": false,
        "attributes": [
            {
                "$oid": "5884daf1d569ee110066b07e"
            },
            {
                "$oid": "589de9a3267b2811000497cb"
            },
            {
                "$oid": "589df8bd267b2811000497ed"
            }
        ],
        "tempRecipeLinkIndicator": true,
        "updateCheckDate": {
            "$date": "2017-01-22T16:16:49.024Z"
        },
        "expiryDate": {
            "$date": "2017-01-22T16:16:49.024Z"
        },
        "__v": 3
    },
    {
        "_id": {
            "$oid": "5884db0cd569ee110066b07f"
        },
        "name": "Prunes",
        "_creator": {
            "$oid": "5884d9ffd569ee110066b073"
        },
        "checkedInCartShopping": false,
        "attributes": [
            {
                "$oid": "5884db0cd569ee110066b080"
            }
        ],
        "tempRecipeLinkIndicator": true,
        "updateCheckDate": {
            "$date": "2017-01-22T16:17:16.430Z"
        },
        "expiryDate": {
            "$date": "2017-01-22T16:17:16.430Z"
        },
        "__v": 1
    },
    {
        "_id": {
            "$oid": "5884db34d569ee110066b082"
        },
        "name": "Orange",
        "_creator": {
            "$oid": "5884db34d569ee110066b081"
        },
        "checkedInCartShopping": false,
        "attributes": [
            {
                "$oid": "5884db34d569ee110066b083"
            },
            {
                "$oid": "5884dd70d569ee110066b0b9"
            },
            {
                "$oid": "5895af5dd647fd1100f8aef8"
            }
        ],
        "tempRecipeLinkIndicator": true,
        "updateCheckDate": {
            "$date": "2017-01-22T16:17:56.165Z"
        },
        "expiryDate": {
            "$date": "2017-01-22T16:17:56.165Z"
        },
        "__v": 3
    },
    {
        "_id": {
            "$oid": "5884dc3dd569ee110066b0a3"
        },
        "name": "Baked beans",
        "_creator": {
            "$oid": "588256d27dd9431100f603ae"
        },
        "checkedInCartShopping": false,
        "attributes": [
            {
                "$oid": "5884dc3dd569ee110066b0a4"
            }
        ],
        "tempRecipeLinkIndicator": true,
        "updateCheckDate": {
            "$date": "2017-01-22T16:22:21.770Z"
        },
        "expiryDate": {
            "$date": "2017-01-22T16:22:21.770Z"
        },
        "__v": 1
    },
    {
        "_id": {
            "$oid": "5884dc50d569ee110066b0a5"
        },
        "name": "Rashers",
        "_creator": {
            "$oid": "58824e987dd9431100f603a6"
        },
        "checkedInCartShopping": false,
        "attributes": [
            {
                "$oid": "5884dc50d569ee110066b0a6"
            },
            {
                "$oid": "589597cda5e1111100a0c7d2"
            }
        ],
        "tempRecipeLinkIndicator": true,
        "updateCheckDate": {
            "$date": "2017-01-22T16:22:40.042Z"
        },
        "expiryDate": {
            "$date": "2017-01-22T16:22:40.042Z"
        },
        "__v": 2
    },
    {
        "_id": {
            "$oid": "5884dc63d569ee110066b0a7"
        },
        "name": "Sausages",
        "_creator": {
            "$oid": "58824e987dd9431100f603a6"
        },
        "checkedInCartShopping": false,
        "attributes": [
            {
                "$oid": "5884dc63d569ee110066b0a8"
            }
        ],
        "tempRecipeLinkIndicator": true,
        "updateCheckDate": {
            "$date": "2017-01-22T16:22:59.965Z"
        },
        "expiryDate": {
            "$date": "2017-01-22T16:22:59.965Z"
        },
        "__v": 1
    },
    {
        "_id": {
            "$oid": "5884dc76d569ee110066b0a9"
        },
        "name": "Tomatoes",
        "_creator": {
            "$oid": "58825a487dd9431100f603b1"
        },
        "checkedInCartShopping": false,
        "attributes": [
            {
                "$oid": "5884dc76d569ee110066b0aa"
            },
            {
                "$oid": "5895ba4ad647fd1100f8af02"
            },
            {
                "$oid": "589df467267b2811000497e4"
            },
            {
                "$oid": "589df9cd267b2811000497f5"
            }
        ],
        "tempRecipeLinkIndicator": true,
        "updateCheckDate": {
            "$date": "2017-01-22T16:23:18.813Z"
        },
        "expiryDate": {
            "$date": "2017-01-22T16:23:18.813Z"
        },
        "__v": 4
    },
    {
        "_id": {
            "$oid": "5884dc8ad569ee110066b0ab"
        },
        "name": "Eggs",
        "_creator": {
            "$oid": "5884ab497d5384110034e048"
        },
        "checkedInCartShopping": false,
        "attributes": [
            {
                "$oid": "5884dc8ad569ee110066b0ac"
            },
            {
                "$oid": "5884dd78d569ee110066b0bb"
            },
            {
                "$oid": "589597c5a5e1111100a0c7d1"
            },
            {
                "$oid": "58a81ed8b58ae41100efaffb"
            }
        ],
        "tempRecipeLinkIndicator": true,
        "updateCheckDate": {
            "$date": "2017-01-22T16:23:38.082Z"
        },
        "expiryDate": {
            "$date": "2017-01-22T16:23:38.082Z"
        },
        "__v": 4
    },
    {
        "_id": {
            "$oid": "5884dca2d569ee110066b0ad"
        },
        "name": "Mushroom",
        "_creator": {
            "$oid": "58825a487dd9431100f603b1"
        },
        "checkedInCartShopping": false,
        "attributes": [
            {
                "$oid": "5884dca2d569ee110066b0ae"
            },
            {
                "$oid": "5884df8ad569ee110066b0d4"
            },
            {
                "$oid": "5895978ba5e1111100a0c7cc"
            }
        ],
        "tempRecipeLinkIndicator": true,
        "updateCheckDate": {
            "$date": "2017-01-22T16:24:02.086Z"
        },
        "expiryDate": {
            "$date": "2017-01-22T16:24:02.086Z"
        },
        "__v": 3
    },
    {
        "_id": {
            "$oid": "5884dce5d569ee110066b0af"
        },
        "name": "Cream cheese",
        "_creator": {
            "$oid": "5884a9f97d5384110034e03a"
        },
        "checkedInCartShopping": false,
        "attributes": [
            {
                "$oid": "5884dce5d569ee110066b0b0"
            },
            {
                "$oid": "5884dd7cd569ee110066b0be"
            },
            {
                "$oid": "5884df80d569ee110066b0d2"
            },
            {
                "$oid": "5895a56dd647fd1100f8aed4"
            },
            {
                "$oid": "58bbf45c9608f21100758c98"
            }
        ],
        "tempRecipeLinkIndicator": true,
        "updateCheckDate": {
            "$date": "2017-01-22T16:25:09.623Z"
        },
        "expiryDate": {
            "$date": "2017-01-22T16:25:09.623Z"
        },
        "__v": 5
    },
    {
        "_id": {
            "$oid": "5884ddafd569ee110066b0bf"
        },
        "name": "Butternut squash",
        "_creator": {
            "$oid": "58825a487dd9431100f603b1"
        },
        "checkedInCartShopping": false,
        "attributes": [
            {
                "$oid": "5884ddb0d569ee110066b0c0"
            }
        ],
        "tempRecipeLinkIndicator": true,
        "updateCheckDate": {
            "$date": "2017-01-22T16:28:31.998Z"
        },
        "expiryDate": {
            "$date": "2017-01-22T16:28:31.998Z"
        },
        "__v": 1
    },
    {
        "_id": {
            "$oid": "5884ddead569ee110066b0c1"
        },
        "name": "Rosemary",
        "_creator": {
            "$oid": "5884acab7d5384110034e05c"
        },
        "checkedInCartShopping": false,
        "attributes": [
            {
                "$oid": "5884ddead569ee110066b0c2"
            },
            {
                "$oid": "5895980ba5e1111100a0c7d4"
            }
        ],
        "tempRecipeLinkIndicator": true,
        "updateCheckDate": {
            "$date": "2017-01-22T16:29:30.531Z"
        },
        "expiryDate": {
            "$date": "2017-01-22T16:29:30.531Z"
        },
        "__v": 2
    },
    {
        "_id": {
            "$oid": "5884de20d569ee110066b0c3"
        },
        "name": "Thymes",
        "_creator": {
            "$oid": "5884acab7d5384110034e05c"
        },
        "checkedInCartShopping": false,
        "attributes": [
            {
                "$oid": "5884de20d569ee110066b0c4"
            },
            {
                "$oid": "58bbf44b9608f21100758c97"
            }
        ],
        "tempRecipeLinkIndicator": true,
        "updateCheckDate": {
            "$date": "2017-01-22T16:30:24.035Z"
        },
        "expiryDate": {
            "$date": "2017-01-22T16:30:24.035Z"
        },
        "__v": 2
    },
    {
        "_id": {
            "$oid": "5884dea2d569ee110066b0c6"
        },
        "name": "Coconut milk",
        "_creator": {
            "$oid": "588256d27dd9431100f603ae"
        },
        "checkedInCartShopping": false,
        "attributes": [
            {
                "$oid": "5884dea2d569ee110066b0c7"
            }
        ],
        "tempRecipeLinkIndicator": true,
        "updateCheckDate": {
            "$date": "2017-01-22T16:32:34.632Z"
        },
        "expiryDate": {
            "$date": "2017-01-22T16:32:34.632Z"
        },
        "__v": 1
    },
    {
        "_id": {
            "$oid": "5884deb7d569ee110066b0c8"
        },
        "name": "Mango",
        "_creator": {
            "$oid": "5884db34d569ee110066b081"
        },
        "checkedInCartShopping": false,
        "attributes": [
            {
                "$oid": "5884deb7d569ee110066b0c9"
            }
        ],
        "tempRecipeLinkIndicator": true,
        "updateCheckDate": {
            "$date": "2017-01-22T16:32:55.211Z"
        },
        "expiryDate": {
            "$date": "2017-01-22T16:32:55.211Z"
        },
        "__v": 1
    },
    {
        "_id": {
            "$oid": "5884dedad569ee110066b0ca"
        },
        "name": "Basmati rice",
        "_creator": {
            "$oid": "588256d27dd9431100f603ae"
        },
        "checkedInCartShopping": false,
        "attributes": [
            {
                "$oid": "5884dedad569ee110066b0cb"
            },
            {
                "$oid": "58959704a5e1111100a0c7c6"
            },
            {
                "$oid": "58959782a5e1111100a0c7ca"
            }
        ],
        "tempRecipeLinkIndicator": true,
        "updateCheckDate": {
            "$date": "2017-01-22T16:33:30.342Z"
        },
        "expiryDate": {
            "$date": "2017-01-22T16:33:30.342Z"
        },
        "__v": 3
    },
    {
        "_id": {
            "$oid": "5884df5cd569ee110066b0ce"
        },
        "name": "Spinach",
        "_creator": {
            "$oid": "58825a487dd9431100f603b1"
        },
        "checkedInCartShopping": false,
        "attributes": [
            {
                "$oid": "5884df5cd569ee110066b0cf"
            }
        ],
        "tempRecipeLinkIndicator": true,
        "updateCheckDate": {
            "$date": "2017-01-22T16:35:40.578Z"
        },
        "expiryDate": {
            "$date": "2017-01-22T16:35:40.578Z"
        },
        "__v": 1
    },
    {
        "_id": {
            "$oid": "5884df76d569ee110066b0d0"
        },
        "name": "Fresh cream",
        "_creator": {
            "$oid": "5884a9f97d5384110034e03a"
        },
        "checkedInCartShopping": false,
        "attributes": [
            {
                "$oid": "5884df76d569ee110066b0d1"
            },
            {
                "$oid": "589597c4a5e1111100a0c7d0"
            },
            {
                "$oid": "5895ae06d647fd1100f8aee9"
            }
        ],
        "tempRecipeLinkIndicator": true,
        "updateCheckDate": {
            "$date": "2017-01-22T16:36:06.124Z"
        },
        "expiryDate": {
            "$date": "2017-01-22T16:36:06.124Z"
        },
        "__v": 3
    },
    {
        "_id": {
            "$oid": "5884dfeed569ee110066b0d5"
        },
        "name": "Hand soap",
        "_creator": {
            "$oid": "5884ceabd569ee110066b05c"
        },
        "checkedInCartShopping": false,
        "attributes": [
            {
                "$oid": "5884dfeed569ee110066b0d6"
            }
        ],
        "tempRecipeLinkIndicator": true,
        "updateCheckDate": {
            "$date": "2017-01-22T16:38:06.292Z"
        },
        "expiryDate": {
            "$date": "2017-01-22T16:38:06.292Z"
        },
        "__v": 1
    },
    {
        "_id": {
            "$oid": "5884e00ad569ee110066b0d8"
        },
        "name": "Sugar",
        "_creator": {
            "$oid": "5884d9ffd569ee110066b073"
        },
        "checkedInCartShopping": false,
        "attributes": [
            {
                "$oid": "5884e00ad569ee110066b0d9"
            }
        ],
        "tempRecipeLinkIndicator": true,
        "updateCheckDate": {
            "$date": "2017-01-22T16:38:34.948Z"
        },
        "expiryDate": {
            "$date": "2017-01-22T16:38:34.948Z"
        },
        "__v": 1
    },
    {
        "_id": {
            "$oid": "5884e09fd569ee110066b0db"
        },
        "name": "Toilet deodorant",
        "_creator": {
            "$oid": "5884d06cd569ee110066b061"
        },
        "checkedInCartShopping": false,
        "attributes": [
            {
                "$oid": "5884e09fd569ee110066b0dc"
            },
            {
                "$oid": "5895af46d647fd1100f8aef4"
            }
        ],
        "tempRecipeLinkIndicator": true,
        "updateCheckDate": {
            "$date": "2017-01-22T16:41:03.412Z"
        },
        "expiryDate": {
            "$date": "2017-01-22T16:41:03.412Z"
        },
        "__v": 2
    },
    {
        "_id": {
            "$oid": "5884e0bbd569ee110066b0dd"
        },
        "name": "Juice",
        "_creator": {
            "$oid": "5884a9c37d5384110034e037"
        },
        "checkedInCartShopping": false,
        "attributes": [
            {
                "$oid": "5884e0bbd569ee110066b0de"
            }
        ],
        "tempRecipeLinkIndicator": true,
        "updateCheckDate": {
            "$date": "2017-01-22T16:41:31.908Z"
        },
        "expiryDate": {
            "$date": "2017-01-22T16:41:31.908Z"
        },
        "__v": 1
    },
    {
        "_id": {
            "$oid": "5884e0d3d569ee110066b0df"
        },
        "name": "Soya milk",
        "_creator": {
            "$oid": "5884a9c37d5384110034e037"
        },
        "checkedInCartShopping": false,
        "attributes": [
            {
                "$oid": "5884e0d3d569ee110066b0e0"
            }
        ],
        "tempRecipeLinkIndicator": true,
        "updateCheckDate": {
            "$date": "2017-01-22T16:41:55.970Z"
        },
        "expiryDate": {
            "$date": "2017-01-22T16:41:55.970Z"
        },
        "__v": 1
    },
    {
        "_id": {
            "$oid": "5884e114d569ee110066b0e2"
        },
        "name": "Podriage ",
        "_creator": {
            "$oid": "5884e114d569ee110066b0e1"
        },
        "checkedInCartShopping": false,
        "attributes": [
            {
                "$oid": "5884e114d569ee110066b0e3"
            }
        ],
        "tempRecipeLinkIndicator": true,
        "updateCheckDate": {
            "$date": "2017-01-22T16:43:00.426Z"
        },
        "expiryDate": {
            "$date": "2017-01-22T16:43:00.426Z"
        },
        "__v": 1
    },
    {
        "_id": {
            "$oid": "5884e15ed569ee110066b0e5"
        },
        "name": "Cheerios low sugar",
        "_creator": {
            "$oid": "5884e114d569ee110066b0e1"
        },
        "checkedInCartShopping": false,
        "attributes": [
            {
                "$oid": "5884e15ed569ee110066b0e6"
            }
        ],
        "tempRecipeLinkIndicator": true,
        "updateCheckDate": {
            "$date": "2017-01-22T16:44:14.790Z"
        },
        "expiryDate": {
            "$date": "2017-01-22T16:44:14.790Z"
        },
        "__v": 1
    },
    {
        "_id": {
            "$oid": "5884e18ad569ee110066b0e7"
        },
        "name": "Ian's yogurt",
        "_creator": {
            "$oid": "5884a9f97d5384110034e03a"
        },
        "checkedInCartShopping": false,
        "attributes": [
            {
                "$oid": "5884e18ad569ee110066b0e8"
            }
        ],
        "tempRecipeLinkIndicator": true,
        "updateCheckDate": {
            "$date": "2017-01-22T16:44:58.710Z"
        },
        "expiryDate": {
            "$date": "2017-01-22T16:44:58.710Z"
        },
        "__v": 1
    },
    {
        "_id": {
            "$oid": "5884e1aad569ee110066b0ea"
        },
        "name": "Honey hoops",
        "_creator": {
            "$oid": "5884e114d569ee110066b0e1"
        },
        "checkedInCartShopping": false,
        "attributes": [
            {
                "$oid": "5884e1aad569ee110066b0eb"
            }
        ],
        "tempRecipeLinkIndicator": true,
        "updateCheckDate": {
            "$date": "2017-01-22T16:45:30.962Z"
        },
        "expiryDate": {
            "$date": "2017-01-22T16:45:30.962Z"
        },
        "__v": 1
    },
    {
        "_id": {
            "$oid": "5884e1cfd569ee110066b0ec"
        },
        "name": "Vanilla",
        "_creator": {
            "$oid": "5884d9ffd569ee110066b073"
        },
        "checkedInCartShopping": false,
        "attributes": [
            {
                "$oid": "5884e1cfd569ee110066b0ed"
            }
        ],
        "tempRecipeLinkIndicator": true,
        "updateCheckDate": {
            "$date": "2017-01-22T16:46:07.033Z"
        },
        "expiryDate": {
            "$date": "2017-01-22T16:46:07.033Z"
        },
        "__v": 1
    },
    {
        "_id": {
            "$oid": "5884e1dfd569ee110066b0ee"
        },
        "name": "Alcohol",
        "_creator": {
            "$oid": "5884ceabd569ee110066b05c"
        },
        "checkedInCartShopping": false,
        "attributes": [
            {
                "$oid": "5884e1dfd569ee110066b0ef"
            }
        ],
        "tempRecipeLinkIndicator": true,
        "updateCheckDate": {
            "$date": "2017-01-22T16:46:23.606Z"
        },
        "expiryDate": {
            "$date": "2017-01-22T16:46:23.606Z"
        },
        "__v": 1
    },
    {
        "_id": {
            "$oid": "5884e1f4d569ee110066b0f0"
        },
        "name": "Sesame seeds",
        "_creator": {
            "$oid": "5884d9ffd569ee110066b073"
        },
        "checkedInCartShopping": false,
        "attributes": [
            {
                "$oid": "5884e1f4d569ee110066b0f1"
            },
            {
                "$oid": "58bbf52e9608f21100758c9e"
            }
        ],
        "tempRecipeLinkIndicator": true,
        "updateCheckDate": {
            "$date": "2017-01-22T16:46:44.209Z"
        },
        "expiryDate": {
            "$date": "2017-01-22T16:46:44.209Z"
        },
        "__v": 2
    },
    {
        "_id": {
            "$oid": "5884e208d569ee110066b0f2"
        },
        "name": "Water",
        "_creator": {
            "$oid": "5884a9c37d5384110034e037"
        },
        "checkedInCartShopping": false,
        "attributes": [
            {
                "$oid": "5884e208d569ee110066b0f3"
            }
        ],
        "tempRecipeLinkIndicator": true,
        "updateCheckDate": {
            "$date": "2017-01-22T16:47:04.224Z"
        },
        "expiryDate": {
            "$date": "2017-01-22T16:47:04.224Z"
        },
        "__v": 1
    },
    {
        "_id": {
            "$oid": "5884e21fd569ee110066b0f4"
        },
        "name": "Tomato pasatta",
        "_creator": {
            "$oid": "588256d27dd9431100f603ae"
        },
        "checkedInCartShopping": false,
        "attributes": [
            {
                "$oid": "5884e21fd569ee110066b0f5"
            },
            {
                "$oid": "5895a570d647fd1100f8aed5"
            },
            {
                "$oid": "589df919267b2811000497f1"
            },
            {
                "$oid": "58a8203cb58ae41100efaffe"
            }
        ],
        "tempRecipeLinkIndicator": true,
        "updateCheckDate": {
            "$date": "2017-01-22T16:47:27.520Z"
        },
        "expiryDate": {
            "$date": "2017-01-22T16:47:27.520Z"
        },
        "__v": 4
    },
    {
        "_id": {
            "$oid": "5884e23dd569ee110066b0f6"
        },
        "name": "Ground ginger",
        "_creator": {
            "$oid": "5884acab7d5384110034e05c"
        },
        "checkedInCartShopping": false,
        "attributes": [
            {
                "$oid": "5884e23dd569ee110066b0f7"
            },
            {
                "$oid": "58a8210ab58ae41100efb003"
            }
        ],
        "tempRecipeLinkIndicator": true,
        "updateCheckDate": {
            "$date": "2017-01-22T16:47:57.852Z"
        },
        "expiryDate": {
            "$date": "2017-01-22T16:47:57.852Z"
        },
        "__v": 2
    },
    {
        "_id": {
            "$oid": "5884e250d569ee110066b0f8"
        },
        "name": "Bananas",
        "_creator": {
            "$oid": "5884db34d569ee110066b081"
        },
        "checkedInCartShopping": false,
        "attributes": [
            {
                "$oid": "5884e250d569ee110066b0f9"
            }
        ],
        "tempRecipeLinkIndicator": true,
        "updateCheckDate": {
            "$date": "2017-01-22T16:48:16.494Z"
        },
        "expiryDate": {
            "$date": "2017-01-22T16:48:16.494Z"
        },
        "__v": 1
    },
    {
        "_id": {
            "$oid": "5884e277d569ee110066b0fa"
        },
        "name": "Orange marmalade",
        "_creator": {
            "$oid": "588256d27dd9431100f603ae"
        },
        "checkedInCartShopping": false,
        "attributes": [
            {
                "$oid": "5884e277d569ee110066b0fb"
            }
        ],
        "tempRecipeLinkIndicator": true,
        "updateCheckDate": {
            "$date": "2017-01-22T16:48:55.913Z"
        },
        "expiryDate": {
            "$date": "2017-01-22T16:48:55.913Z"
        },
        "__v": 1
    },
    {
        "_id": {
            "$oid": "5884e435d569ee110066b0fc"
        },
        "name": "Unsalted butter",
        "_creator": {
            "$oid": "5884a9f97d5384110034e03a"
        },
        "checkedInCartShopping": false,
        "attributes": [
            {
                "$oid": "5884e435d569ee110066b0fd"
            }
        ],
        "tempRecipeLinkIndicator": true,
        "updateCheckDate": {
            "$date": "2017-01-22T16:56:21.453Z"
        },
        "expiryDate": {
            "$date": "2017-01-22T16:56:21.453Z"
        },
        "__v": 1
    },
    {
        "_id": {
            "$oid": "58959774a5e1111100a0c7c8"
        },
        "name": "Mince meat",
        "_creator": {
            "$oid": "58824e987dd9431100f603a6"
        },
        "checkedInCartShopping": false,
        "attributes": [
            {
                "$oid": "58959774a5e1111100a0c7c9"
            },
            {
                "$oid": "593d80e1d4e3d8110037c6d0"
            }
        ],
        "tempRecipeLinkIndicator": true,
        "updateCheckDate": {
            "$date": "2017-02-04T08:57:24.169Z"
        },
        "expiryDate": {
            "$date": "2017-02-04T08:57:24.169Z"
        },
        "__v": 2
    },
    {
        "_id": {
            "$oid": "5895979fa5e1111100a0c7ce"
        },
        "name": "Courgette",
        "_creator": {
            "$oid": "58825a487dd9431100f603b1"
        },
        "checkedInCartShopping": false,
        "attributes": [
            {
                "$oid": "5895979fa5e1111100a0c7cf"
            },
            {
                "$oid": "58bbf34e9608f21100758c92"
            }
        ],
        "tempRecipeLinkIndicator": true,
        "updateCheckDate": {
            "$date": "2017-02-04T08:58:07.875Z"
        },
        "expiryDate": {
            "$date": "2017-02-04T08:58:07.875Z"
        },
        "__v": 2
    },
    {
        "_id": {
            "$oid": "5895a59ad647fd1100f8aed9"
        },
        "name": "Egg plant",
        "_creator": {
            "$oid": "58825a487dd9431100f603b1"
        },
        "checkedInCartShopping": false,
        "attributes": [
            {
                "$oid": "5895a59ad647fd1100f8aeda"
            },
            {
                "$oid": "58bbf34d9608f21100758c91"
            }
        ],
        "tempRecipeLinkIndicator": true,
        "updateCheckDate": {
            "$date": "2017-02-04T09:57:46.405Z"
        },
        "expiryDate": {
            "$date": "2017-02-04T09:57:46.405Z"
        },
        "__v": 2
    },
    {
        "_id": {
            "$oid": "5895a64cd647fd1100f8aedb"
        },
        "name": "Mozarella",
        "_creator": {
            "$oid": "5884a9f97d5384110034e03a"
        },
        "checkedInCartShopping": false,
        "attributes": [
            {
                "$oid": "5895a64cd647fd1100f8aedc"
            },
            {
                "$oid": "589df8cc267b2811000497ee"
            }
        ],
        "tempRecipeLinkIndicator": true,
        "updateCheckDate": {
            "$date": "2017-02-04T10:00:44.699Z"
        },
        "expiryDate": {
            "$date": "2017-02-04T10:00:44.699Z"
        },
        "__v": 2
    },
    {
        "_id": {
            "$oid": "5895ad99d647fd1100f8aee3"
        },
        "name": "Celery",
        "_creator": {
            "$oid": "58825a487dd9431100f603b1"
        },
        "checkedInCartShopping": false,
        "attributes": [
            {
                "$oid": "5895ad99d647fd1100f8aee4"
            }
        ],
        "tempRecipeLinkIndicator": true,
        "updateCheckDate": {
            "$date": "2017-02-04T10:31:53.440Z"
        },
        "expiryDate": {
            "$date": "2017-02-04T10:31:53.440Z"
        },
        "__v": 1
    },
    {
        "_id": {
            "$oid": "5895adb7d647fd1100f8aee5"
        },
        "name": "Pale ale",
        "_creator": {
            "$oid": "5884a9c37d5384110034e037"
        },
        "checkedInCartShopping": false,
        "attributes": [
            {
                "$oid": "5895adb7d647fd1100f8aee6"
            }
        ],
        "tempRecipeLinkIndicator": true,
        "updateCheckDate": {
            "$date": "2017-02-04T10:32:23.177Z"
        },
        "expiryDate": {
            "$date": "2017-02-04T10:32:23.177Z"
        },
        "__v": 1
    },
    {
        "_id": {
            "$oid": "5895adf7d647fd1100f8aee7"
        },
        "name": "Meat for stew",
        "_creator": {
            "$oid": "58824e987dd9431100f603a6"
        },
        "checkedInCartShopping": false,
        "attributes": [
            {
                "$oid": "5895adf7d647fd1100f8aee8"
            },
            {
                "$oid": "594830038866901100ec2251"
            }
        ],
        "tempRecipeLinkIndicator": true,
        "updateCheckDate": {
            "$date": "2017-02-04T10:33:27.841Z"
        },
        "expiryDate": {
            "$date": "2017-02-04T10:33:27.841Z"
        },
        "__v": 2
    },
    {
        "_id": {
            "$oid": "5895ae4dd647fd1100f8aeed"
        },
        "name": "Maple cyrup",
        "_creator": {
            "$oid": "5884ab497d5384110034e048"
        },
        "checkedInCartShopping": false,
        "attributes": [
            {
                "$oid": "5895ae4dd647fd1100f8aeee"
            }
        ],
        "tempRecipeLinkIndicator": true,
        "updateCheckDate": {
            "$date": "2017-02-04T10:34:53.351Z"
        },
        "expiryDate": {
            "$date": "2017-02-04T10:34:53.351Z"
        },
        "__v": 1
    },
    {
        "_id": {
            "$oid": "5895af1ad647fd1100f8aef0"
        },
        "name": "Brocoli",
        "_creator": {
            "$oid": "58825a487dd9431100f603b1"
        },
        "checkedInCartShopping": false,
        "attributes": [
            {
                "$oid": "5895af1ad647fd1100f8aef1"
            }
        ],
        "tempRecipeLinkIndicator": true,
        "updateCheckDate": {
            "$date": "2017-02-04T10:38:18.472Z"
        },
        "expiryDate": {
            "$date": "2017-02-04T10:38:18.472Z"
        },
        "__v": 1
    },
    {
        "_id": {
            "$oid": "5895af30d647fd1100f8aef2"
        },
        "name": "Bread crumbs",
        "_creator": {
            "$oid": "5884ab497d5384110034e048"
        },
        "checkedInCartShopping": false,
        "attributes": [
            {
                "$oid": "5895af30d647fd1100f8aef3"
            }
        ],
        "tempRecipeLinkIndicator": true,
        "updateCheckDate": {
            "$date": "2017-02-04T10:38:40.273Z"
        },
        "expiryDate": {
            "$date": "2017-02-04T10:38:40.273Z"
        },
        "__v": 1
    },
    {
        "_id": {
            "$oid": "5895b66dd647fd1100f8aefb"
        },
        "name": "Lemon",
        "_creator": {
            "$oid": "5884db34d569ee110066b081"
        },
        "checkedInCartShopping": false,
        "attributes": [
            {
                "$oid": "5895b66dd647fd1100f8aefc"
            },
            {
                "$oid": "5895ba47d647fd1100f8af01"
            },
            {
                "$oid": "589df498267b2811000497e5"
            }
        ],
        "tempRecipeLinkIndicator": true,
        "updateCheckDate": {
            "$date": "2017-02-04T11:09:33.264Z"
        },
        "expiryDate": {
            "$date": "2017-02-04T11:09:33.264Z"
        },
        "__v": 3
    },
    {
        "_id": {
            "$oid": "5895b7fdd647fd1100f8aefe"
        },
        "name": "Bicarbonate",
        "_creator": {
            "$oid": "5884d9ffd569ee110066b073"
        },
        "checkedInCartShopping": false,
        "attributes": [
            {
                "$oid": "5895b7fdd647fd1100f8aeff"
            }
        ],
        "tempRecipeLinkIndicator": true,
        "updateCheckDate": {
            "$date": "2017-02-04T11:16:13.889Z"
        },
        "expiryDate": {
            "$date": "2017-02-04T11:16:13.889Z"
        },
        "__v": 1
    },
    {
        "_id": {
            "$oid": "5895bbe4d647fd1100f8af06"
        },
        "name": "Tissue",
        "_creator": {
            "$oid": "5884ceabd569ee110066b05c"
        },
        "checkedInCartShopping": false,
        "attributes": [
            {
                "$oid": "5895bbe4d647fd1100f8af07"
            }
        ],
        "tempRecipeLinkIndicator": true,
        "updateCheckDate": {
            "$date": "2017-02-04T11:32:52.175Z"
        },
        "expiryDate": {
            "$date": "2017-02-04T11:32:52.175Z"
        },
        "__v": 1
    },
    {
        "_id": {
            "$oid": "589de934267b2811000497c9"
        },
        "name": "Toilet seat cleaner",
        "_creator": {
            "$oid": "5884ceabd569ee110066b05c"
        },
        "checkedInCartShopping": false,
        "attributes": [
            {
                "$oid": "589de934267b2811000497ca"
            }
        ],
        "tempRecipeLinkIndicator": true,
        "updateCheckDate": {
            "$date": "2017-02-10T16:24:20.510Z"
        },
        "expiryDate": {
            "$date": "2017-02-10T16:24:20.510Z"
        },
        "__v": 1
    },
    {
        "_id": {
            "$oid": "589ded86267b2811000497ce"
        },
        "name": "Lentils",
        "_creator": {
            "$oid": "58825a487dd9431100f603b1"
        },
        "checkedInCartShopping": false,
        "attributes": [
            {
                "$oid": "589ded86267b2811000497cf"
            },
            {
                "$oid": "59482ff58866901100ec2250"
            }
        ],
        "tempRecipeLinkIndicator": true,
        "updateCheckDate": {
            "$date": "2017-02-10T16:42:46.232Z"
        },
        "expiryDate": {
            "$date": "2017-02-10T16:42:46.232Z"
        },
        "__v": 2
    },
    {
        "_id": {
            "$oid": "589dede0267b2811000497d0"
        },
        "name": "Balsamic vinegar",
        "_creator": {
            "$oid": "588256d27dd9431100f603ae"
        },
        "checkedInCartShopping": false,
        "attributes": [
            {
                "$oid": "589dede0267b2811000497d1"
            }
        ],
        "tempRecipeLinkIndicator": true,
        "updateCheckDate": {
            "$date": "2017-02-10T16:44:16.438Z"
        },
        "expiryDate": {
            "$date": "2017-02-10T16:44:16.438Z"
        },
        "__v": 1
    },
    {
        "_id": {
            "$oid": "589dedf4267b2811000497d2"
        },
        "name": "Olive oil",
        "_creator": {
            "$oid": "588256d27dd9431100f603ae"
        },
        "checkedInCartShopping": false,
        "attributes": [
            {
                "$oid": "589dedf4267b2811000497d3"
            },
            {
                "$oid": "589df3c3267b2811000497e1"
            },
            {
                "$oid": "58a820a1b58ae41100efb000"
            }
        ],
        "tempRecipeLinkIndicator": true,
        "updateCheckDate": {
            "$date": "2017-02-10T16:44:36.545Z"
        },
        "expiryDate": {
            "$date": "2017-02-10T16:44:36.545Z"
        },
        "__v": 3
    },
    {
        "_id": {
            "$oid": "589dee39267b2811000497d4"
        },
        "name": "Spring onions",
        "_creator": {
            "$oid": "58825a487dd9431100f603b1"
        },
        "checkedInCartShopping": false,
        "attributes": [
            {
                "$oid": "589dee39267b2811000497d5"
            }
        ],
        "tempRecipeLinkIndicator": true,
        "updateCheckDate": {
            "$date": "2017-02-10T16:45:45.935Z"
        },
        "expiryDate": {
            "$date": "2017-02-10T16:45:45.935Z"
        },
        "__v": 1
    },
    {
        "_id": {
            "$oid": "589df2f3267b2811000497da"
        },
        "name": "Fusilli",
        "_creator": {
            "$oid": "589df2f3267b2811000497d9"
        },
        "checkedInCartShopping": false,
        "attributes": [
            {
                "$oid": "589df2f3267b2811000497db"
            }
        ],
        "tempRecipeLinkIndicator": true,
        "updateCheckDate": {
            "$date": "2017-02-10T17:05:55.927Z"
        },
        "expiryDate": {
            "$date": "2017-02-10T17:05:55.927Z"
        },
        "__v": 1
    },
    {
        "_id": {
            "$oid": "589df338267b2811000497dd"
        },
        "name": "Red Onion",
        "_creator": {
            "$oid": "58825a487dd9431100f603b1"
        },
        "checkedInCartShopping": false,
        "attributes": [
            {
                "$oid": "589df338267b2811000497de"
            }
        ],
        "tempRecipeLinkIndicator": true,
        "updateCheckDate": {
            "$date": "2017-02-10T17:07:04.955Z"
        },
        "expiryDate": {
            "$date": "2017-02-10T17:07:04.955Z"
        },
        "__v": 1
    },
    {
        "_id": {
            "$oid": "589df35d267b2811000497df"
        },
        "name": "Tuna",
        "_creator": {
            "$oid": "588256d27dd9431100f603ae"
        },
        "checkedInCartShopping": false,
        "attributes": [
            {
                "$oid": "589df35d267b2811000497e0"
            }
        ],
        "tempRecipeLinkIndicator": true,
        "updateCheckDate": {
            "$date": "2017-02-10T17:07:41.439Z"
        },
        "expiryDate": {
            "$date": "2017-02-10T17:07:41.438Z"
        },
        "__v": 1
    },
    {
        "_id": {
            "$oid": "589df454267b2811000497e2"
        },
        "name": "While vinegar",
        "_creator": {
            "$oid": "588256d27dd9431100f603ae"
        },
        "checkedInCartShopping": false,
        "attributes": [
            {
                "$oid": "589df454267b2811000497e3"
            }
        ],
        "tempRecipeLinkIndicator": true,
        "updateCheckDate": {
            "$date": "2017-02-10T17:11:48.863Z"
        },
        "expiryDate": {
            "$date": "2017-02-10T17:11:48.863Z"
        },
        "__v": 1
    },
    {
        "_id": {
            "$oid": "589df4c8267b2811000497e6"
        },
        "name": "Honey",
        "_creator": {
            "$oid": "588256d27dd9431100f603ae"
        },
        "checkedInCartShopping": false,
        "attributes": [
            {
                "$oid": "589df4c8267b2811000497e7"
            }
        ],
        "tempRecipeLinkIndicator": true,
        "updateCheckDate": {
            "$date": "2017-02-10T17:13:44.913Z"
        },
        "expiryDate": {
            "$date": "2017-02-10T17:13:44.913Z"
        },
        "__v": 1
    },
    {
        "_id": {
            "$oid": "589df4f4267b2811000497e8"
        },
        "name": "Black pepper ",
        "_creator": {
            "$oid": "5884acab7d5384110034e05c"
        },
        "checkedInCartShopping": false,
        "attributes": [
            {
                "$oid": "589df4f4267b2811000497e9"
            }
        ],
        "tempRecipeLinkIndicator": true,
        "updateCheckDate": {
            "$date": "2017-02-10T17:14:28.445Z"
        },
        "expiryDate": {
            "$date": "2017-02-10T17:14:28.445Z"
        },
        "__v": 1
    },
    {
        "_id": {
            "$oid": "589df6f5267b2811000497ea"
        },
        "name": "Basil",
        "_creator": {
            "$oid": "5884acab7d5384110034e05c"
        },
        "checkedInCartShopping": false,
        "attributes": [
            {
                "$oid": "589df6f5267b2811000497eb"
            }
        ],
        "tempRecipeLinkIndicator": true,
        "updateCheckDate": {
            "$date": "2017-02-10T17:23:01.803Z"
        },
        "expiryDate": {
            "$date": "2017-02-10T17:23:01.803Z"
        },
        "__v": 1
    },
    {
        "_id": {
            "$oid": "589df8f7267b2811000497ef"
        },
        "name": "Pineapple",
        "_creator": {
            "$oid": "5884db34d569ee110066b081"
        },
        "checkedInCartShopping": false,
        "attributes": [
            {
                "$oid": "589df8f7267b2811000497f0"
            }
        ],
        "tempRecipeLinkIndicator": true,
        "updateCheckDate": {
            "$date": "2017-02-10T17:31:35.819Z"
        },
        "expiryDate": {
            "$date": "2017-02-10T17:31:35.819Z"
        },
        "__v": 1
    },
    {
        "_id": {
            "$oid": "589df962267b2811000497f3"
        },
        "name": "Oregano",
        "_creator": {
            "$oid": "5884acab7d5384110034e05c"
        },
        "checkedInCartShopping": false,
        "attributes": [
            {
                "$oid": "589df962267b2811000497f4"
            }
        ],
        "tempRecipeLinkIndicator": true,
        "updateCheckDate": {
            "$date": "2017-02-10T17:33:22.855Z"
        },
        "expiryDate": {
            "$date": "2017-02-10T17:33:22.855Z"
        },
        "__v": 1
    },
    {
        "_id": {
            "$oid": "589f4b1d89c18a11003e65f1"
        },
        "name": "Mayonnise",
        "_creator": {
            "$oid": "588256d27dd9431100f603ae"
        },
        "checkedInCartShopping": false,
        "attributes": [
            {
                "$oid": "589f4b1d89c18a11003e65f2"
            },
            {
                "$oid": "58bbf4649608f21100758c99"
            }
        ],
        "tempRecipeLinkIndicator": true,
        "updateCheckDate": {
            "$date": "2017-02-11T17:34:21.003Z"
        },
        "expiryDate": {
            "$date": "2017-02-11T17:34:21.003Z"
        },
        "__v": 2
    },
    {
        "_id": {
            "$oid": "58a043dd3f223f1100d720f6"
        },
        "name": "Toilet wipes",
        "_creator": {
            "$oid": "5884d06cd569ee110066b061"
        },
        "checkedInCartShopping": false,
        "attributes": [
            {
                "$oid": "58a043de3f223f1100d720f7"
            }
        ],
        "tempRecipeLinkIndicator": true,
        "updateCheckDate": {
            "$date": "2017-02-12T11:15:41.992Z"
        },
        "expiryDate": {
            "$date": "2017-02-12T11:15:41.992Z"
        },
        "__v": 1
    },
    {
        "_id": {
            "$oid": "58a81e93b58ae41100efaff9"
        },
        "name": "Lettuce",
        "_creator": {
            "$oid": "58825a487dd9431100f603b1"
        },
        "checkedInCartShopping": false,
        "attributes": [
            {
                "$oid": "58a81e93b58ae41100efaffa"
            }
        ],
        "tempRecipeLinkIndicator": true,
        "updateCheckDate": {
            "$date": "2017-02-18T10:14:43.846Z"
        },
        "expiryDate": {
            "$date": "2017-02-18T10:14:43.846Z"
        },
        "__v": 1
    },
    {
        "_id": {
            "$oid": "58a8214bb58ae41100efb004"
        },
        "name": "Curry powder",
        "_creator": {
            "$oid": "588256d27dd9431100f603ae"
        },
        "checkedInCartShopping": false,
        "attributes": [
            {
                "$oid": "58a8214bb58ae41100efb005"
            }
        ],
        "tempRecipeLinkIndicator": true,
        "updateCheckDate": {
            "$date": "2017-02-18T10:26:19.207Z"
        },
        "expiryDate": {
            "$date": "2017-02-18T10:26:19.207Z"
        },
        "__v": 1
    },
    {
        "_id": {
            "$oid": "58a821fab58ae41100efb009"
        },
        "name": "Parsley",
        "_creator": {
            "$oid": "58825a487dd9431100f603b1"
        },
        "checkedInCartShopping": false,
        "attributes": [
            {
                "$oid": "58a821fab58ae41100efb00a"
            }
        ],
        "tempRecipeLinkIndicator": true,
        "updateCheckDate": {
            "$date": "2017-02-18T10:29:14.291Z"
        },
        "expiryDate": {
            "$date": "2017-02-18T10:29:14.291Z"
        },
        "__v": 1
    },
    {
        "_id": {
            "$oid": "58b0a77c96304c110075d7e7"
        },
        "name": "Cling film",
        "_creator": {
            "$oid": "5884ab497d5384110034e048"
        },
        "checkedInCartShopping": false,
        "attributes": [
            {
                "$oid": "58b0a77c96304c110075d7e8"
            }
        ],
        "tempRecipeLinkIndicator": true,
        "updateCheckDate": {
            "$date": "2017-02-24T21:37:00.474Z"
        },
        "expiryDate": {
            "$date": "2017-02-24T21:37:00.474Z"
        },
        "__v": 1
    },
    {
        "_id": {
            "$oid": "58b0a79796304c110075d7e9"
        },
        "name": "Coconut oil",
        "_creator": {
            "$oid": "588256d27dd9431100f603ae"
        },
        "checkedInCartShopping": false,
        "attributes": [
            {
                "$oid": "58b0a79796304c110075d7ea"
            }
        ],
        "tempRecipeLinkIndicator": true,
        "updateCheckDate": {
            "$date": "2017-02-24T21:37:27.130Z"
        },
        "expiryDate": {
            "$date": "2017-02-24T21:37:27.130Z"
        },
        "__v": 1
    },
    {
        "_id": {
            "$oid": "58b0a7d896304c110075d7ec"
        },
        "name": "Tea",
        "_creator": {
            "$oid": "5884e114d569ee110066b0e1"
        },
        "checkedInCartShopping": false,
        "attributes": [
            {
                "$oid": "58b0a7d896304c110075d7ed"
            }
        ],
        "tempRecipeLinkIndicator": true,
        "updateCheckDate": {
            "$date": "2017-02-24T21:38:32.066Z"
        },
        "expiryDate": {
            "$date": "2017-02-24T21:38:32.065Z"
        },
        "__v": 1
    },
    {
        "_id": {
            "$oid": "58bbf32c9608f21100758c8e"
        },
        "name": "Sundried tomatoes",
        "_creator": {
            "$oid": "5884a9f97d5384110034e03a"
        },
        "checkedInCartShopping": false,
        "attributes": [
            {
                "$oid": "58bbf32c9608f21100758c8f"
            }
        ],
        "tempRecipeLinkIndicator": true,
        "updateCheckDate": {
            "$date": "2017-03-05T11:14:52.289Z"
        },
        "expiryDate": {
            "$date": "2017-03-05T11:14:52.289Z"
        },
        "__v": 1
    },
    {
        "_id": {
            "$oid": "58bbf48f9608f21100758c9a"
        },
        "name": "Black olives",
        "_creator": {
            "$oid": "588256d27dd9431100f603ae"
        },
        "checkedInCartShopping": false,
        "attributes": [
            {
                "$oid": "58bbf48f9608f21100758c9b"
            }
        ],
        "tempRecipeLinkIndicator": true,
        "updateCheckDate": {
            "$date": "2017-03-05T11:20:47.218Z"
        },
        "expiryDate": {
            "$date": "2017-03-05T11:20:47.218Z"
        },
        "__v": 1
    },
    {
        "_id": {
            "$oid": "58bbf4ac9608f21100758c9c"
        },
        "name": "Raisins",
        "_creator": {
            "$oid": "5884d9ffd569ee110066b073"
        },
        "checkedInCartShopping": false,
        "attributes": [
            {
                "$oid": "58bbf4ac9608f21100758c9d"
            },
            {
                "$oid": "59482f498866901100ec224e"
            }
        ],
        "tempRecipeLinkIndicator": true,
        "updateCheckDate": {
            "$date": "2017-03-05T11:21:16.538Z"
        },
        "expiryDate": {
            "$date": "2017-03-05T11:21:16.538Z"
        },
        "__v": 2
    },
    {
        "_id": {
            "$oid": "58bbf5a69608f21100758ca0"
        },
        "name": "Washing liquid x clothes",
        "_creator": {
            "$oid": "5884d06cd569ee110066b061"
        },
        "checkedInCartShopping": false,
        "attributes": [
            {
                "$oid": "58bbf5a69608f21100758ca1"
            }
        ],
        "tempRecipeLinkIndicator": true,
        "updateCheckDate": {
            "$date": "2017-03-05T11:25:26.109Z"
        },
        "expiryDate": {
            "$date": "2017-03-05T11:25:26.108Z"
        },
        "__v": 1
    },
    {
        "_id": {
            "$oid": "58bbf6079608f21100758ca3"
        },
        "name": "Chocolate chips",
        "_creator": {
            "$oid": "5884d9ffd569ee110066b073"
        },
        "checkedInCartShopping": false,
        "attributes": [
            {
                "$oid": "58bbf6079608f21100758ca4"
            },
            {
                "$oid": "58bf4e0737e3b61100349b60"
            }
        ],
        "tempRecipeLinkIndicator": true,
        "updateCheckDate": {
            "$date": "2017-03-05T11:27:03.333Z"
        },
        "expiryDate": {
            "$date": "2017-03-05T11:27:03.333Z"
        },
        "__v": 2
    },
    {
        "_id": {
            "$oid": "58bbf62c9608f21100758ca5"
        },
        "name": "Greek yogurt",
        "_creator": {
            "$oid": "5884a9f97d5384110034e03a"
        },
        "checkedInCartShopping": false,
        "attributes": [
            {
                "$oid": "58bbf62c9608f21100758ca6"
            }
        ],
        "tempRecipeLinkIndicator": true,
        "updateCheckDate": {
            "$date": "2017-03-05T11:27:40.943Z"
        },
        "expiryDate": {
            "$date": "2017-03-05T11:27:40.943Z"
        },
        "__v": 1
    },
    {
        "_id": {
            "$oid": "59293b5fd28f4d1100f46f6b"
        },
        "name": "Nappies",
        "_creator": {
            "$oid": "5884ceabd569ee110066b05c"
        },
        "checkedInCartShopping": false,
        "attributes": [
            {
                "$oid": "59293b5fd28f4d1100f46f6c"
            }
        ],
        "tempRecipeLinkIndicator": true,
        "updateCheckDate": {
            "$date": "2017-05-27T08:39:59.063Z"
        },
        "expiryDate": {
            "$date": "2017-05-27T08:39:59.063Z"
        },
        "__v": 1
    },
    {
        "_id": {
            "$oid": "59293b7ad28f4d1100f46f6d"
        },
        "name": "Wipes",
        "_creator": {
            "$oid": "5884ceabd569ee110066b05c"
        },
        "checkedInCartShopping": false,
        "attributes": [
            {
                "$oid": "59293b7ad28f4d1100f46f6e"
            }
        ],
        "tempRecipeLinkIndicator": true,
        "updateCheckDate": {
            "$date": "2017-05-27T08:40:26.079Z"
        },
        "expiryDate": {
            "$date": "2017-05-27T08:40:26.079Z"
        },
        "__v": 1
    },
    {
        "_id": {
            "$oid": "59293ba6d28f4d1100f46f6f"
        },
        "name": "Baby food",
        "_creator": {
            "$oid": "588256d27dd9431100f603ae"
        },
        "checkedInCartShopping": false,
        "attributes": [
            {
                "$oid": "59293ba6d28f4d1100f46f70"
            },
            {
                "$oid": "5b15b8d5f191ac11000b490b"
            }
        ],
        "tempRecipeLinkIndicator": true,
        "updateCheckDate": {
            "$date": "2017-05-27T08:41:10.632Z"
        },
        "expiryDate": {
            "$date": "2017-05-27T08:41:10.631Z"
        },
        "__v": 2
    },
    {
        "_id": {
            "$oid": "59293ddbd28f4d1100f46f71"
        },
        "name": "Pork chops",
        "_creator": {
            "$oid": "58824e987dd9431100f603a6"
        },
        "checkedInCartShopping": false,
        "attributes": [
            {
                "$oid": "59293ddbd28f4d1100f46f72"
            }
        ],
        "tempRecipeLinkIndicator": true,
        "updateCheckDate": {
            "$date": "2017-05-27T08:50:35.854Z"
        },
        "expiryDate": {
            "$date": "2017-05-27T08:50:35.854Z"
        },
        "__v": 1
    },
    {
        "_id": {
            "$oid": "59293ea9d28f4d1100f46f74"
        },
        "name": "Kitchen roll",
        "_creator": {
            "$oid": "5884d06cd569ee110066b061"
        },
        "checkedInCartShopping": false,
        "attributes": [
            {
                "$oid": "59293ea9d28f4d1100f46f75"
            }
        ],
        "tempRecipeLinkIndicator": true,
        "updateCheckDate": {
            "$date": "2017-05-27T08:54:01.039Z"
        },
        "expiryDate": {
            "$date": "2017-05-27T08:54:01.039Z"
        },
        "__v": 1
    },
    {
        "_id": {
            "$oid": "593d8181d4e3d8110037c6d3"
        },
        "name": "Beef stock",
        "_creator": {
            "$oid": "5884ab497d5384110034e048"
        },
        "checkedInCartShopping": false,
        "attributes": [
            {
                "$oid": "593d8181d4e3d8110037c6d4"
            }
        ],
        "tempRecipeLinkIndicator": true,
        "updateCheckDate": {
            "$date": "2017-06-11T17:44:33.011Z"
        },
        "expiryDate": {
            "$date": "2017-06-11T17:44:33.011Z"
        },
        "__v": 1
    },
    {
        "_id": {
            "$oid": "59482d438866901100ec2249"
        },
        "name": "Tooth paste",
        "_creator": {
            "$oid": "5884ceabd569ee110066b05c"
        },
        "checkedInCartShopping": false,
        "attributes": [
            {
                "$oid": "59482d438866901100ec224a"
            }
        ],
        "tempRecipeLinkIndicator": true,
        "updateCheckDate": {
            "$date": "2017-06-19T20:00:03.047Z"
        },
        "expiryDate": {
            "$date": "2017-06-19T20:00:03.047Z"
        },
        "__v": 1
    },
    {
        "_id": {
            "$oid": "59482d718866901100ec224b"
        },
        "name": "Dan's Yogurt",
        "_creator": {
            "$oid": "5884a9f97d5384110034e03a"
        },
        "checkedInCartShopping": false,
        "attributes": [
            {
                "$oid": "59482d718866901100ec224c"
            }
        ],
        "tempRecipeLinkIndicator": true,
        "updateCheckDate": {
            "$date": "2017-06-19T20:00:49.532Z"
        },
        "expiryDate": {
            "$date": "2017-06-19T20:00:49.532Z"
        },
        "__v": 1
    }
]